id,customer_tweet_id,brand_tweet_id,conversation_id,customer_author_id,customer_created_at,customer_text,historical_brand_reply,gold_intent,annotator,annotation_notes,is_sensitive,ground_truth_decision
cand_001,89463,89461,89468.0,135361,Thu Nov 30 14:45:37 +0000 2017,"@SpotifyCares Like I say, my speaker is visible, but when I click on it, the app just goes back to the song screen and doesn't switch to the speaker... https://t.co/7k5oCPmc45","@135361 Thanks. Can you make sure you've enabled ""Control Sonos from Spotify"" in the Sonos app settings? There's more info here: https://t.co/Wgy3SqHCeq /NG",device_connectivity,Mohd Sajid Jafri,,False,AUTO_HANDLE
cand_002,83723,83722,83723,134394,Thu Nov 30 12:19:03 +0000 2017,"#feature request for @115888 

As a user
I want to see MY playlists that contain a song
when I search for it in the search bar",@134394 Nice idea! It's definitely something for the team to consider and we'll make sure it reaches them. Keep rocking /MX,feature_request_ui,Mohd Sajid Jafri,,False,ESCALATE
cand_003,153760,153759,153760,151202,Fri Nov 24 13:26:45 +0000 2017,"@115888 i have lost username, email amd password of my spotify premium account, can you help me please?","@151202 Hey there, helps here! Could you send us a DM with the first 6 and last 4 of your payment form? For security purposes, be sure you don't send the full card number. We'll take a look backstage and get back to you in a beat /ZO https://t.co/ldFdZRiNAt",account_access_security,Mohd Sajid Jafri,,True,ESCALATE
cand_004,158944,158943,158944,152541,Fri Nov 24 15:11:25 +0000 2017,"Selamat malam @118266, saya mengalami kendala di pemutar web saya yg tdk bs pause dan play lagu baru (spt di foto) dan sudah saya coba berbagai cara tp ttp tdk bisa diperbaiki kenapa ya? Bagaimana memperbaikinya? Terima kasih. https://t.co/Aixjo073mn","@152541 Hi Elmi! We can help out in English via Twitter, but we also have Indonesian support via email at https://t.co/ZgU70TbP8M /NH",other_unsupported,Mohd Sajid Jafri,,False,AUTO_HANDLE
cand_005,155345,155344,155345,151627,Fri Nov 24 15:01:58 +0000 2017,Hey @116130 I’m paying monthly for an account that I don’t use and don’t know where I’m signed in/the sign in details. Any ideas how to stop it? 🙃,"@151627 Hi Freja, helps' here! Can you DM us any email addresses or usernames you might've used to create an account. We'll take a look backstage /PK https://t.co/ldFdZRiNAt",subscription_billing,Mohd Sajid Jafri,,True,ESCALATE
cand_006,143022,143020,143022,148295,Fri Nov 24 08:34:23 +0000 2017,@SpotifyCares Hi. I'm using an Android phone (wiko Harry). I have synchronization issue. All songs that I synced are don't stay synced for more than 1day. What can I do?,"@148295 Hey Guy, sorry to hear about that! Just to check, is this happening to your downloaded albums or even to your offline playlists? /AY",app_crash_technical,Mohd Sajid Jafri,,False,AUTO_HANDLE
cand_007,172515,172514,172515,156318,Fri Nov 24 20:28:41 +0000 2017,Hey @SpotifyCares I restored my iPhone today and all my saved albums are showing like this. No tracks in there. What to do? https://t.co/n0shhoCPjU,"@156318 Hey Matt, that's not cool! Could you DM us your account’s email address and username? We’ll take a look under the hood /TI https://t.co/ldFdZRiNAt",playlist_library,Mohd Sajid Jafri,,False,AUTO_HANDLE
cand_008,33418,33417,33418,123393,Wed Nov 01 10:47:57 +0000 2017,How come I suddenly don't have Spotify premium anymore @SpotifyCares? Meer mensen last van? #spotify,@123393 Hey! We just replied to your DM with more info. We'll carry on helping out backstage /CB,subscription_billing,Mohd Sajid Jafri,,True,ESCALATE
cand_009,74905,74903,74905,132762,Thu Nov 30 09:39:47 +0000 2017,@115888 offline download limit. WHAAT. WHAAT. WHAAAAAT.,"@132762 Hey there! Right now, there's a download limit of 3,333 tracks on 3 separate devices. We have more info here: https://t.co/WpO5bMgnzC. Let us know if you have any other questions /DN",offline_downloads,Mohd Sajid Jafri,,True,AUTO_HANDLE
cand_010,97668,97667,97668,137383,Thu Nov 30 16:15:45 +0000 2017,@SpotifyCares my spotify premium hulu is saying that i dont have a subscription whats up!!,@137383 Hey there! Can you DM us your account's email address and username? We'll take a look backstage /AQ https://t.co/ldFdZRiNAt,subscription_billing,Mohd Sajid Jafri,,True,ESCALATE
cand_011,2809,2808,2809,116377,Sat Nov 25 15:48:22 +0000 2017,.@SpotifyCares any way to block this particular ad? Happy with ads/dont want premium. Just this ad is really hard to watch over and over and over. Please help. https://t.co/MsW8FjmKw1,@116377 Hey there! Thanks for taking the time to reach out – we'll pass your feedback on to our Ads team /NQ,other_unsupported,Mohd Sajid Jafri,,False,AUTO_HANDLE
cand_012,93860,93859,93860,136353,Thu Nov 30 15:41:16 +0000 2017,"@SpotifyCares got PW reset message, follow link, enter new password but then get this message. Generate new reset e-mail, same thing. Happening on Chrome and Firefox. Help? https://t.co/7AATasWWBZ","@136353 Hey Sebastian, help's here! Could you send us a DM with your account's email address or username? We'll take a look backstage /CO https://t.co/ldFdZRiNAt",account_access_security,Mohd Sajid Jafri,,False,ESCALATE
cand_013,64359,64358,64359,130770,Thu Nov 30 08:10:10 +0000 2017,@SpotifyCares is there something wrong the app? I can’t log in as it says my password is invalid but it’s not?,"@130770 Hey Hannah, help's here. Can you send us your account's email address or username via DM? We'll take a look under the hood /AY https://t.co/ldFdZRiNAt",account_access_security,Mohd Sajid Jafri,,False,ESCALATE
cand_014,54530,54528,54530,128354,Wed Nov 01 18:17:56 +0000 2017,The past few days playing @115888 on my phone has caused it to overheat and lose about 60% battery in 30 minutes,"@128354 Hey! What device, operating system, and Spotify version are you using? We'll see what we can suggest /CB",other_unsupported,Mohd Sajid Jafri,,False,AUTO_HANDLE
cand_015,45755,45753,45755,126143,Wed Nov 01 16:09:53 +0000 2017,@115888 BUT WHY https://t.co/EVCaXjR4cH,"@126143 Hi Karen! You can save up to 3,333 offline tracks on your offline device. More info at https://t.co/WSjJgGAmPy /DV",other_unsupported,Mohd Sajid Jafri,,False,AUTO_HANDLE
cand_016,173603,173601,173603,156645,Fri Nov 24 22:30:25 +0000 2017,@SpotifyCares my roommate is about to flip a table because she can’t find a song she streamed and fell in love with on Wednesday. It’s not showing up in her history. Is there any way to pull her recently played songs? I’ve never seen her so riled.,"@156645 Hey there, the calvary's here! Try heading to Your Music/Library &gt; Recently Played. Let us know how you get on /TI https://t.co/ldFdZRiNAt",playlist_library,Mohd Sajid Jafri,,False,AUTO_HANDLE
cand_017,80924,80923,80924,133960,Thu Nov 30 12:02:42 +0000 2017,"@117153 Hi, Spotify. I applied for the student discount premium, got approved via email, and was already charged on my credit card but my account's subscription is still ""free"". I tried logging out everywhere/ sign in again but still it doesnt work. What else can I do?🙂","@133960 Hey Bella, help's here! Can you DM us your account's username or email address? We'll take a look backstage /PL https://t.co/ldFdZRiNAt",subscription_billing,Mohd Sajid Jafri,,True,ESCALATE
cand_018,54535,54534,54535,128355,Wed Nov 01 18:12:21 +0000 2017,@115888 when will astros new albums be added pls and thanks,@128355 Hey there! We’ll have it available to you as soon as it’s available to us. There's more info at https://t.co/0i8GpimuDa /JE,other_unsupported,Mohd Sajid Jafri,,False,AUTO_HANDLE
cand_019,118845,118844,118845,142347,Thu Nov 23 22:38:43 +0000 2017,@SpotifyCares hey Spotify! I’m a long time user of the app and I had an idea on how to make the user experience even better... is there anyone I can talk to share my thoughts?  Thank you,"@142347 Hey, fire away! We'd love to hear about it. You can send us a DM if you want /RH https://t.co/ldFdZRiNAt",feature_request_ui,Mohd Sajid Jafri,,False,ESCALATE
cand_020,116579,116578,116580.0,141973,Thu Nov 23 21:45:30 +0000 2017,"@SpotifyCares Thank you for your quick response, but I've already chatted with a Spotify operator and he was able to solve the problem! 😉
Good service btw 👍",@141973 That's great to hear! Give us a shout if you need anything else. We'll be... https://t.co/LgAM6ky9Vv /WP,other_unsupported,Mohd Sajid Jafri,,False,AUTO_HANDLE
cand_021,2872,2871,2873.0,SpotifyCares,Tue Nov 21 00:42:55 +0000 2017,"@116385 Hey there! Don't worry, help's here. Can you let us know the iPhone model you're using along with its iOS and Spotify versions? We'll see what we can suggest /MT",@116385 We've just sent a DM your way. Let's carry on chatting there /MT,other_unsupported,Mohd Sajid Jafri,,False,AUTO_HANDLE
cand_022,181548,181547,181548,158652,Wed Oct 04 05:24:46 +0000 2017,@115888 can you PLEASE put a button on the @9743 on certain songs that send you to the lyrics 🙏🏼🙏🏼🙏🏼,"@158652 Hey, this sounds like a great idea! Suggest it in our Community at https://t.co/rtDvYZOF32 and get support from other users /CH",feature_request_ui,Mohd Sajid Jafri,,False,ESCALATE
cand_023,22236,22235,22237.0,120859,Tue Oct 31 22:15:35 +0000 2017,@SpotifyCares @120860 This is very urgent and should be fast-tracked,"@120859 Thanks Peter! We understand it's a popular idea. Rest assured, we'll pass on your feedback about this to the right team, too /T",other_unsupported,Mohd Sajid Jafri,,False,AUTO_HANDLE
cand_024,106322,106318,106322,139557,Thu Nov 30 16:48:45 +0000 2017,@SpotifyCares why did you remove sharing songs within your platform. I used it daily. you dropping features and not the price is a bit **** dont you think?,"@139557 Hey Matthew! You can find more info on that here: https://t.co/crC4eQYWBB. We appreciate the feedback., and we'll make sure it gets passed on to the right team. If you ever need anything else, just shout and we'll come running 🏃 /AQ",other_unsupported,Mohd Sajid Jafri,,False,AUTO_HANDLE
cand_025,131816,131815,131816,145722,Fri Nov 24 05:45:40 +0000 2017,i pay for spotify premium yet it takes ages to load??? fix this @115888,"@145722 Hi, help's here! Can you let us know the device, operating system, and Spotify version you're using? We'll see what we can suggest /GK",app_crash_technical,Mohd Sajid Jafri,,False,AUTO_HANDLE
cand_026,118884,118882,118884,142359,Thu Nov 23 22:20:19 +0000 2017,"@115888 I was listening to Spotify today, tried now and it's logged me out and won't let me sign back in. Tried to reset password but doesn't recognise my username/email. What's going on???","@142359 Hey, help's here! Can you DM us your account's username or email address? We'll take a look under the hood /JM https://t.co/ldFdZRiNAt",app_crash_technical,Mohd Sajid Jafri,,False,ESCALATE
cand_027,158948,158947,158948,152543,Fri Nov 24 15:56:57 +0000 2017,"@SpotifyCares, I'm having issues with my student premium with hulu...any help?","@152543 Hey Dennis, we're here to help! Can you DM us your account's username/email address? If you can also let us know what's happening exactly, that would be great /JP https://t.co/ldFdZRiNAt",subscription_billing,Mohd Sajid Jafri,,False,ESCALATE
cand_028,9356,9353,9356,117670,Wed Nov 01 00:01:07 +0000 2017,"@SpotifyCares 
Help on my spotify card please",@117670 Hey Eva! We've just sent you a DM. Let's continue chatting there /NS,other_unsupported,Mohd Sajid Jafri,,False,AUTO_HANDLE
cand_029,50732,50731,50732,127379,Wed Nov 22 21:23:06 +0000 2017,Hey @SpotifyCares I can’t found new single “Falsa Fada” by @29753 on @115888 https://t.co/CX20P97pmn,@127379 @2852 @2853 Hey there. Sometimes content gets temporarily removed because of licensing changes. Hopefully we'll have it available again soon! /JX,other_unsupported,Mohd Sajid Jafri,,False,AUTO_HANDLE
cand_030,189347,189346,189347,160411,Wed Oct 04 23:33:27 +0000 2017,@SpotifyCares need some help figuring out the family plan. Setting up one for my mom but the account isnt working.,@160411 Hey there! Can you DM us the email address on your mom's account? We'll take a look backstage /SY https://t.co/ldFdZRiNAt,subscription_billing,Mohd Sajid Jafri,,True,ESCALATE
cand_031,118853,118852,118853,142350,Thu Nov 23 21:41:47 +0000 2017,"@SpotifyCares hey! Thinking about premium but want to know if album art will show in my car. Will be from downloaded music, not streamed. This is important as it's a deal breaker!!","@142350 Hi Emma! We're happy to hear you're interested in joining Spotify Premium. If you'd like to know more about using Spotify in your car, just head here: https://t.co/f7b6YMFv9v. Let us know if you need anything else /AP",subscription_billing,Mohd Sajid Jafri,,False,ESCALATE
cand_032,110093,110092,110094.0,140442,Thu Nov 23 19:29:40 +0000 2017,"@SpotifyCares Tks! But I can’t found the list anywhere, and I try to restore it but I couldn’t find either.. there’s is anyway to set it up again?","@140442 Can you try logging out of your account, restarting your device, and logging back in? Let us know how that goes /TF",playlist_library,Mohd Sajid Jafri,,False,AUTO_HANDLE
cand_033,160547,160545,160547,152986,Fri Nov 24 16:43:12 +0000 2017,@115888 stop putting random bands  i’ve never heard of in my “recently listened to artists”,@152986 Hey there! Could you DM us your account's username and email address? We'll take a look backstage /DF https://t.co/ldFdZRiNAt,playlist_library,Mohd Sajid Jafri,,False,AUTO_HANDLE
cand_034,24104,24103,24105.0,121194,Wed Nov 01 09:01:40 +0000 2017,@SpotifyCares Splendid,"@121194 Thanks for understanding. If we can help with anything else, just give us a shout /AY",other_unsupported,Mohd Sajid Jafri,,False,AUTO_HANDLE
cand_035,147376,147375,147376,149486,Fri Nov 24 10:15:06 +0000 2017,"@117153 hi, i pay but not be premium",@149486 Hey! The cavalry's here. Could you DM us your account's email address? We'll take a look backstage /AU https://t.co/ldFdZRiNAt,subscription_billing,Mohd Sajid Jafri,,True,ESCALATE
cand_036,61163,61162,61163,130004,Wed Nov 01 21:16:33 +0000 2017,@3493 any chance for more songs from bolbbalgan4/red cheek puberty/ 볼빨간 사춘기? would love their full album red planet,"@130004 Hey David! We’d love to have all of their stuff available, but we have some info about content here: https://t.co/0i8GpimuDa /CP",other_unsupported,Mohd Sajid Jafri,,False,AUTO_HANDLE
cand_037,67683,67682,67684.0,131455,Thu Nov 30 08:34:41 +0000 2017,@SpotifyCares I sent you guys a dm.  I seriously need cflarification in here,"@131455 Hi, help's arrived! We've just sent you a bit more info over DM. We'll carry on helping out there /LS",other_unsupported,Mohd Sajid Jafri,,False,AUTO_HANDLE
cand_038,185163,185162,185164.0,159549,Thu Oct 12 01:00:25 +0000 2017,@SpotifyCares Thankyou @SpotifyCares,"@159549 You're welcome! If there's anything else, just let us know 🙂 /AP",other_unsupported,Mohd Sajid Jafri,,False,AUTO_HANDLE
cand_039,128202,128201,128202,144804,Fri Nov 24 01:50:57 +0000 2017,Hi @642. I’ve been randomly unsubscribed from Spotify Premium which is included in my Plan. Why is this so?,@144804 Hi Earl! We've just sent a DM your way. Let's carry on chatting there /JQ,subscription_billing,Mohd Sajid Jafri,,True,ESCALATE
cand_040,62425,62424,62425,130301,Wed Nov 01 21:26:15 +0000 2017,The only reason I have not purchased @115888 premium is because of recurring billing. Is there any way around this?,"@130301 Hey there! Could you head over at https://t.co/6U9K2VcuJI and see if that helps? For anything else, let us know /GU",subscription_billing,Mohd Sajid Jafri,,True,ESCALATE
cand_041,172542,172541,172542,156327,Fri Nov 24 21:17:25 +0000 2017,"@SpotifyCares I want update my payment, but it takes never ending white screen loading. Re-installed or clear data isn't solve problem https://t.co/qtSn1PtNAm","@156327 Hi Andika, help's here! Could you DM us your email address and username? We'll take a closer look /JQ https://t.co/ldFdZRiNAt",app_crash_technical,Mohd Sajid Jafri,,False,ESCALATE
cand_042,132597,132596,132597,145915,Fri Nov 24 06:08:53 +0000 2017,@7443 could you possibly get Bus That back on @115888 @SpotifyCares,"@145915 Hey there! Sometimes content is temporarily removed due to licensing, but we hope to have it back soon: https://t.co/VMrgnGpB4G. Hope this clears things up /GK",other_unsupported,Mohd Sajid Jafri,,False,AUTO_HANDLE
cand_043,9362,9361,9362,117671,Wed Nov 01 00:07:25 +0000 2017,@642 @115888 @SpotifyCares my spotify premium stopped working,@117671 Hey there! Can you DM us your account's email address? We'll take a look backstage /RB https://t.co/ldFdZRiNAt,subscription_billing,Mohd Sajid Jafri,,False,ESCALATE
cand_044,128858,128857,128859.0,144988,Fri Nov 24 02:29:09 +0000 2017,@SpotifyCares That fixed It! ☺,@144988 Awesome! Let us know if you ever need us again. We'd be... https://t.co/LgAM6ky9Vv /RB,other_unsupported,Mohd Sajid Jafri,,False,AUTO_HANDLE
cand_045,14943,14942,14943,119240,Wed Nov 01 01:35:57 +0000 2017,@115888 https://t.co/IZGJd5KWjz put this on spotify please,"@119240 Hey! We’d love to have all of his stuff available, but we have some info about content here: https://t.co/0i8GpimuDa /NQ",other_unsupported,Mohd Sajid Jafri,,False,AUTO_HANDLE
cand_046,11712,11711,11712,118265,Wed Nov 01 00:45:16 +0000 2017,@118266 halo skrg kok udh gak ada pilihan bayar pakai pulsa ya untuk berlangganannya?,"@118265 Hey! We can help out in English via Twitter, but we also have Indonesian support via email at https://t.co/ZgU70TbP8M /JS",other_unsupported,Mohd Sajid Jafri,,False,AUTO_HANDLE
cand_047,128181,128180,128181,144796,Fri Nov 24 02:08:21 +0000 2017,"@SpotifyCares hey there, been having issues with my premium account the past couple days. Seems like it is due to my payment not going through,but I'm sure my card info is valid. Any solutions to follow here? Thanks in advance for the help!",@144796 Hey there! Can you DM us your account's email address and a screenshot of any error messages you're seeing? We'll take a look /RB https://t.co/ldFdZRiNAt,subscription_billing,Mohd Sajid Jafri,,True,ESCALATE
cand_048,100121,100119,100121,137939,Thu Nov 30 16:28:27 +0000 2017,Hey @SpotifyCares any chance to use @AmazonHelp echo audio groups like it is possible to use @122986 Chromecast audio groups? Help Appreciated!,"@137939 Hey Kay! We're working on this as we speak, but we don't have a release date yet. Watch this space! Give us a shout if you have any other questions, we'll get back to you in a beat 🙂 /TI",other_unsupported,Mohd Sajid Jafri,,False,AUTO_HANDLE
cand_049,152238,152237,152238,150792,Fri Nov 24 12:33:45 +0000 2017,@116130 the way you guys keep putting my music on otherr profiles is annoying now!,"@150792 Hey, sorry about that! We’d recommend reaching out to your distributor or aggregator. They'll work with our team to make sure your artist page gets fixed up /JM",other_unsupported,Mohd Sajid Jafri,,False,AUTO_HANDLE
cand_050,118855,118856,118854.0,142352,Mon Nov 27 18:40:46 +0000 2017,@SpotifyCares @142351 What about changing our usernames? Which team is working on that?,"@142352 Hey Jay, help's here! Could you send us a DM with your account's email address? We'll take a look backstage /CH https://t.co/ldFdZRiNAt",other_unsupported,Mohd Sajid Jafri,,False,AUTO_HANDLE
cand_051,187598,187596,187598,160030,Wed Oct 04 07:45:34 +0000 2017,@SpotifyCares what are the requirements to make the new Spotify app proxy compliant?,"@160030 Hey Simon. Can you tell us more about what's happening? What device, operating system, and Spotify version are you using? /AY",other_unsupported,Mohd Sajid Jafri,,False,AUTO_HANDLE
cand_052,42731,42729,42731,125451,Wed Nov 01 15:25:38 +0000 2017,"@SpotifyCares after a while, the windows app takes up 1.5GB of RAM. Way too high. When I restart it takes closer to 250MB. What's the deal?","@125451 Hey there! Help's here. Can you let us know the device, Windows, and app versions you're using? We'll see what we can suggest /PB",app_crash_technical,Mohd Sajid Jafri,,False,ESCALATE
cand_053,72087,72085,72091.0,132184,Thu Nov 30 09:08:59 +0000 2017,@115888 You are so ungrateful and pathetic,"@132184 Sorry to hear that you feel that way. We'd love to help out. Can you DM us your account's username or email address, along with more details on what's happening? /MU https://t.co/ldFdZRiNAt",other_unsupported,Mohd Sajid Jafri,,False,AUTO_HANDLE
cand_054,36163,36161,36165.0,123872,Wed Nov 01 10:56:09 +0000 2017,@SpotifyCares Like what ?,"@123872 You can try using a different computer to see if it helps. Also, try resetting your password at https://t.co/jGP5GWOoVY /CB",other_unsupported,Mohd Sajid Jafri,,False,AUTO_HANDLE
cand_055,176543,176540,176543,157536,Fri Nov 24 23:47:18 +0000 2017,"@SpotifyCares hi, since a half year ago my spotify is pretty slow, it takes a lot of seconds to load everything, i have already send a mail to you but that didn't help. (I deleted the app and also deleted my spotify cache) can you help me please?","@157536 Hey there! Don't worry, we're here to help. Can you let us know the device, operating system, and Spotify version you're using? We'll see what we can suggest /MT",app_crash_technical,Mohd Sajid Jafri,,False,ESCALATE
cand_056,120298,120297,120298,142711,Thu Nov 23 22:53:12 +0000 2017,@115888 I thought paying for a premium account would mean I wouldn’t have ads,@142711 Hey there! Can you DM us your account's email address? We'll take a look /RB https://t.co/ldFdZRiNAt,app_crash_technical,Mohd Sajid Jafri,,False,ESCALATE
cand_057,110097,110096,110097,140443,Thu Nov 23 19:44:52 +0000 2017,"@115833 + @SpotifyCares + @118117 is the ultimate music experience. I feel like I’m living in a Sci-fi film. Top marks to the lot of you. Take tomorrow off have a long weekend, you deserve it.","@140443 Awesome, that's what we like to hear! If you need us again, just... https://t.co/AUc7DGJpgF /TF",other_unsupported,Mohd Sajid Jafri,,False,ESCALATE
cand_058,199125,199123,199125,162923,Wed Oct 04 12:59:52 +0000 2017,@SpotifyCares looking to carry on my student account. I have an NUS card which I can send over. however I haven’t got a Uni days account.,@162923 1: Hi Reece! NUS is currently unavailable as a discount option. We’d recommend using UNiDAYS at https://t.co/ZCWeItTUhj.,subscription_billing,Mohd Sajid Jafri,,False,ESCALATE
cand_059,62431,62430,62431,130303,Wed Nov 01 15:15:17 +0000 2017,@SpotifyCares sent a DM! Was wondering if I could get some help :),"@130303 Hi, we've just replied to your DMs. Check your messages 🙂 /SY",other_unsupported,Mohd Sajid Jafri,,False,AUTO_HANDLE
cand_060,44405,44403,44413.0,125853,Sat Nov 25 16:20:55 +0000 2017,"@SpotifyCares I have a Samsung S7, Android 7.0 and the latest version of the Spotify app",@125853 Got it. Could you also get back to us with the OS and Spotify version you're using on your computer? /MT,other_unsupported,Mohd Sajid Jafri,,False,AUTO_HANDLE
cand_061,37708,37706,37708,124189,Wed Nov 01 12:10:43 +0000 2017,"hi @SpotifyCares i think im being charged twice, can you help??",@124189 Hey there! Could you send us a DM with your account's email address? We'll take a look backstage /MA https://t.co/ldFdZRiNAt,subscription_billing,Mohd Sajid Jafri,,True,ESCALATE
cand_062,15665,15664,15665,119445,Wed Nov 22 09:16:38 +0000 2017,"@115888 I tried to upgrade to premium for 6.99 and my card was charged twice, and i am not even upgraded..please advice!",@119445 Hey there! Can you DM us your account's username and email address? We'll take a look backstage /SY https://t.co/ldFdZRiNAt,subscription_billing,Mohd Sajid Jafri,,True,ESCALATE
cand_063,11166,11164,11167.0,118116,Wed Nov 01 00:46:04 +0000 2017,@SpotifyCares And is that causing the other issue where nothing will play on sonos thru Spotify app?,@118116 Can you DM us the username or email address so we can pull up the account and take a closer look? /JU https://t.co/ldFdZRiNAt,app_crash_technical,Mohd Sajid Jafri,,False,ESCALATE
cand_064,27954,27953,27955.0,122124,Wed Nov 01 09:32:43 +0000 2017,@SpotifyCares It's cool dw I thought it was a funny glitch. 😂😂 restarted the app and its all working now,@122124 Great! Glad to hear it's working. Just let us know if we can help with anything else. https://t.co/m4HWSbgHVZ 🙂 /AC,other_unsupported,Mohd Sajid Jafri,,False,AUTO_HANDLE
cand_065,187630,187628,187636.0,160032,Wed Oct 04 07:30:31 +0000 2017,"@SpotifyCares tried in chrome incognito and edge, still playing the same incorrect songs, dont have another device to try",@160032 Can you check if clearing your cache helps? Can you also try logging out &gt; restarting your device &gt; logging back in? /PL,app_crash_technical,Mohd Sajid Jafri,,False,AUTO_HANDLE
cand_066,187575,187574,187575,160025,Wed Oct 04 08:44:38 +0000 2017,@SpotifyCares I have a premium account and  have lost all my playlists since the phone update can somebody call me on 02082224109. Thanks,"@160025 1: Hi John! We're afraid we don't have telephone support, but we'll be glad to help here through Twitter.",app_crash_technical,Mohd Sajid Jafri,,False,ESCALATE
cand_067,187812,187811,187812,160069,Wed Oct 04 14:43:03 +0000 2017,@SpotifyCares I was charged for a premium for family account despite never signing up for it- why did this happen and can I get a refund?,"@160069 Hey Kelsey, help's here! Can you DM us your account's email address? We'll take a look under the hood /MV https://t.co/ldFdZRiNAt",subscription_billing,Mohd Sajid Jafri,,True,ESCALATE
cand_068,141134,141136,141133.0,147828,Fri Nov 24 15:24:34 +0000 2017,@SpotifyCares @147827 Its so unfair!! The promo is for VISA cardholders only. 😑 How about us? Stop broadcasting incomplete details!,"@147828 Hey Tope. Sorry for the confusion. The promo offer is eligible for anyone with a recurring form of payment, not just VISA. You can see more info about our accepted payments here: https://t.co/RywgYiE2hX. We hope this helped clear some concerns /AL",other_unsupported,Mohd Sajid Jafri,,False,AUTO_HANDLE
cand_069,153742,153741,153743.0,151197,Fri Nov 24 16:33:11 +0000 2017,"@SpotifyCares Qdas
__email__",@151197 Thanks! We'd suggest deleting your last tweet as it contains your email address. You can DM it to us instead using the link below /JP https://t.co/ldFdZRiNAt,other_unsupported,Mohd Sajid Jafri,,True,ESCALATE
cand_070,61159,61158,61160.0,130003,Wed Nov 01 21:07:56 +0000 2017,@SpotifyCares I need to switch my account to a student account.,@130003 Great! Can you DM us your account's username and email address? We'll take a look under the hood /MS https://t.co/ldFdZRiNAt,other_unsupported,Mohd Sajid Jafri,,False,AUTO_HANDLE
cand_071,106362,106360,106362,139572,Thu Nov 30 17:34:04 +0000 2017,@SpotifyCares what is happening with the web player? Same issue as two days ago. Help! #Spotify,"@139572 Hey, that's not cool! Don’t worry, we can help. What’s happening exactly? Can you let us know the device/OS you’re using? Once you fire over that info, we'll see what we can suggest /DT",app_crash_technical,Mohd Sajid Jafri,,False,AUTO_HANDLE
cand_072,166676,166675,166676,154721,Fri Nov 24 19:25:50 +0000 2017,@SpotifyCares I can’t create acct with my email. Says email is taken. Then says I’ve logged in with Facebook cred. Deleted app from FB. Still says my email taken.,@154721 Hey there! Can you DM us your account's email address? We'll take a look backstage /TJ https://t.co/ldFdZRiNAt,account_access_security,Mohd Sajid Jafri,,False,ESCALATE
cand_073,2946,2945,2946,116392,Tue Oct 31 22:07:04 +0000 2017,@SpotifyCares is there anyway to move songs around so they're in my order and not the order of when I added them...if that makes sense?,@116392 Hi Thomas. It makes total sense! This link should help you sort your awesome tracks: https://t.co/5hjtm5AdqM /LS,playlist_library,Mohd Sajid Jafri,,False,AUTO_HANDLE
cand_074,6618,6615,6618,117167,Sun Oct 08 23:04:15 +0000 2017,@117168 when I watch an ad video and you say 30 mins ad free. I expect 30 mins ad free. Not 10 mins. https://t.co/1hmNwVarMm,"@117167 Hey Terry, that doesn't sound good! Did the app crash at any point during the 30 minutes? That can cause the ad-free time to reset /RA",other_unsupported,Mohd Sajid Jafri,,False,AUTO_HANDLE
cand_075,163713,163712,163713,153874,Fri Nov 24 18:07:13 +0000 2017,"@115888 any plans to improve queue functionality? (queuing on web player, clearing queue on Android)","@153874 Hey there! We don't have any info on this right now, but we'll let the right team know it's something you'd like to see /MX",other_unsupported,Mohd Sajid Jafri,,False,AUTO_HANDLE
cand_076,45737,45736,45737,126137,Wed Nov 01 16:35:28 +0000 2017,Hey @115888 I need this Copeland album because it’s a banger and hardly anyone knows it exists. https://t.co/II7N9SFESH,"@126137 Hey there! We’d love to have all of their stuff available, but we have some info about content here: https://t.co/0i8GpimuDa /GU",other_unsupported,Mohd Sajid Jafri,,False,AUTO_HANDLE
cand_077,130395,130394,130395,145407,Fri Nov 24 04:13:47 +0000 2017,"@118266 admin, 4.990 itu bayarnya via apa ya kalau nggak punya credit card?","@145407 Hey! We can help out in English via Twitter, but we also have Indonesian support via email at https://t.co/ZgU70TbP8M /RB",other_unsupported,Mohd Sajid Jafri,,True,ESCALATE
cand_078,172492,172490,172494.0,156310,Fri Nov 24 21:47:22 +0000 2017,@SpotifyCares It’s the latest version of each 👍,"@156310 Thanks. Can you try logging out, restarting your device, then logging back in? Let us know if that helps /QI",other_unsupported,Mohd Sajid Jafri,,False,AUTO_HANDLE
cand_079,110119,110118,110119,140450,Thu Nov 23 19:30:03 +0000 2017,@115888 when will reputation be up I can’t wait any longerrrr :((((((,"@140450 Hey, we hear you. We’ll have it available to you as soon as it’s available to us! For now, check out the singles: https://t.co/3h0TnPWP0c /TR",other_unsupported,Mohd Sajid Jafri,,False,AUTO_HANDLE
cand_080,106305,106304,106305,139554,Thu Nov 30 18:34:23 +0000 2017,@SpotifyCares - can't change my country to the US from the UK - please assist,"@139554 Hey Michael! Do you get an error message when trying to change the country settings? If you do, can you send us a screenshot of it? Also, can you DM us your account's email address? We'll take a look backstage /SJ https://t.co/ldFdZRiNAt",app_crash_technical,Mohd Sajid Jafri,,False,ESCALATE
cand_081,2949,2947,2956.0,116393,Tue Oct 31 21:47:00 +0000 2017,"@SpotifyCares Hi. My @115888 playlists idea's status got changed + can't receive any votes. They sent me a link to a ""similar idea"", but it's closed.",@116393 Hi Daniel! Can you send us the link to the idea you posted? We'll take a look at what happened 🙂 /NH,playlist_library,Mohd Sajid Jafri,,False,ESCALATE
cand_082,59698,59696,59698,129639,Wed Nov 01 20:26:30 +0000 2017,@115888 Where’s the JPN Ver. Of BOOMBAYAH 🤔 https://t.co/vbG1O0q2AJ,"@129639 Hey Leo! We’d love to have all of their stuff available, but we have some info about content here: https://t.co/0i8GpimuDa /SY",other_unsupported,Mohd Sajid Jafri,,False,AUTO_HANDLE
cand_083,172508,172507,172508,156315,Fri Nov 24 21:39:20 +0000 2017,@SpotifyCares Someone successfully changed my email to their own and I got it back but I keep getting requests for email changes by the same person. I have the persons email due to the original change is there any way you guys can block the email or stop him/her from spam request,@156315 Hey! We’re sorry to hear that. We'd suggest checking out https://t.co/QHn3ok8y2n for what to do next /QI,account_access_security,Mohd Sajid Jafri,,True,ESCALATE
cand_084,66027,66025,66027,131105,Thu Nov 30 08:27:00 +0000 2017,@115888 make my Spotify name Yung Calo pleaseeeeee!!!💔,@131105 Hey there! Could you DM us your account's username or email address? We'll take a look backstage /JO https://t.co/ldFdZRiNAt,other_unsupported,Mohd Sajid Jafri,,False,AUTO_HANDLE
cand_085,39763,39762,39763,124709,Wed Nov 01 14:37:18 +0000 2017,@SpotifyCares my search option for new music is gone?!?,"@124709 Hey there! Can you give us more info? What device, operating system, and app version are you using? /PB",other_unsupported,Mohd Sajid Jafri,,False,AUTO_HANDLE
cand_086,147399,147398,147399,149497,Fri Nov 24 09:49:33 +0000 2017,"@SpotifyCares Hey guys! Any plans to come to Russia? Any reason you’re not still here?
We really want you! ❤️
I’d love to use Spotify Premium instead of Google Play and Apple Music but I can’t. Thanks!",@149497 Hey there! We're launching in new countries as often as possible. Sign up here to be first to hear: https://t.co/XDwWzj7cLP /CO,other_unsupported,Mohd Sajid Jafri,,False,AUTO_HANDLE
cand_087,64389,64391,64387.0,130781,Fri Dec 01 07:35:01 +0000 2017,"@SpotifyCares @130780 Hi sir, i have the same inquiry. My consumption will last this December. Thank you.","@130781 Hi there! We'd love to help out. Can you DM us your account's username or email address, along with more details on what's happening? We'll check things backstage /MU https://t.co/ldFdZRiNAt",other_unsupported,Mohd Sajid Jafri,,False,AUTO_HANDLE
cand_088,89523,89522,89524.0,135366,Thu Nov 30 14:39:48 +0000 2017,@SpotifyCares Ok thx for thr explanation!,"@135366 No worries at all! For anything else, we're just a tweet away /JP",other_unsupported,Mohd Sajid Jafri,,False,AUTO_HANDLE
cand_089,166620,166618,166622.0,154705,Fri Nov 24 19:27:43 +0000 2017,"@115888 Phone: Nexus 5x
Android Version: 8.0.0
Spotify version: 8.4.28.875","@154705 Hey, that doesn't sound right! Does restarting your device make any difference? Keep us in the loop /JP",other_unsupported,Mohd Sajid Jafri,,False,AUTO_HANDLE
cand_090,11174,11173,11175.0,118118,Wed Nov 01 00:53:54 +0000 2017,"@SpotifyCares Done , thanks! ;) #launchInIndiaSoon 🤣😂🤣","@118118 You're welcome. If you have any other questions, just give us a shout. Take care! /KC",other_unsupported,Mohd Sajid Jafri,,False,AUTO_HANDLE
cand_091,44674,44673,44674,125915,Wed Nov 01 16:24:01 +0000 2017,@SpotifyCares can y’all add a feature where I can watch/ listen to adds for more skips? I’m too poor for premium,@125915 Hey there! We can see how that’d be handy. Thanks for taking the time to reach out – your feedback's been noted 📝 /MX,other_unsupported,Mohd Sajid Jafri,,False,AUTO_HANDLE
cand_092,100153,100152,100154.0,137952,Thu Nov 30 17:04:31 +0000 2017,"@137953 @137954 @SpotifyCares Spoti ont fait le nécessaire, plus qu'à expliquer que le Hamburger en version francisée se dira Hambourgeois en référence à la ville dont il est originaire et non ""Hamburgé"" et le monde sera meilleur. #hope  #change #sandwich #bullshit","@137952 Hey there! We can help out in English via Twitter, but we also have French support via email at https://t.co/ZgU70TbP8M 😁 /JI",other_unsupported,Mohd Sajid Jafri,,False,AUTO_HANDLE
cand_093,155352,155351,155352,151629,Fri Nov 24 15:02:00 +0000 2017,"@SpotifyCares You probably get this a lot, but do you have any plans for Romania in the nearby future?",@151629 Hey there! We're launching in new countries as often as possible. Be sure to add your email at https://t.co/X8DVSX9QgM /KL,other_unsupported,Mohd Sajid Jafri,,False,AUTO_HANDLE
cand_094,38326,38325,38326,124335,Wed Nov 01 13:03:19 +0000 2017,HELP PLEASE @SpotifyCares,@124335 Hey there! Could you let us know what's happening exactly? We'll be happy to help /PL,other_unsupported,Mohd Sajid Jafri,,False,AUTO_HANDLE
cand_095,102225,102224,102225,138421,Thu Nov 30 17:29:50 +0000 2017,@SpotifyCares how long would it take for a pending charge to be cleared? Made a mistake on a subscription and my card was charged.,"@138421 Hey Joelle! Depending on your bank, it can take 3-5 business days for the pending charges to be returned to your account. Hope this helps /JX",subscription_billing,Mohd Sajid Jafri,,True,ESCALATE
cand_096,152228,152227,152228,150786,Fri Nov 24 12:53:47 +0000 2017,"@SpotifyCares I am sad that you stopped allowing student discounts NUS cards, mostly because you gave me no warning just started charging me double :(","@150786 Hey Jennifer, we're here to help! Could you DM us your account's email address and username? We'll take a look backstage /BX https://t.co/ldFdZRiNAt",other_unsupported,Mohd Sajid Jafri,,False,AUTO_HANDLE
cand_097,122827,122826,122827,143411,Thu Nov 23 21:00:21 +0000 2017,"@SpotifyCares forgot my e-mail, my user name and my password. I have a trial for 1 month and i’m not sure if I have cancelled my trial. The only thing I know is my pay method and my bank account number. I really hope you can help me. 😅","@143411 Hey Daniel, the cavalry's here! Can you send us a DM with any possible emails and usernames you might have? We'll do some digging /TI https://t.co/ldFdZRiNAt",account_access_security,Mohd Sajid Jafri,,True,ESCALATE
cand_098,104120,104119,104120,138952,Thu Nov 30 16:21:44 +0000 2017,"@SpotifyCares Just signed up for premium during the 99 cent/three month trial. However my username is not right. I know I need to close the account and basically start over, but can I do this while keeping the trial going? Thanks!",@138952 Hi Paul! Could you DM us your account's email address so we can check backstage? /FJ https://t.co/ldFdZRiNAt,account_access_security,Mohd Sajid Jafri,,True,ESCALATE
cand_099,64365,64364,64365,130773,Thu Nov 30 08:05:41 +0000 2017,@115888  what is this 😂 #StrangerThings https://t.co/1qAPa8ijve,@130773 Hey Abby! The Stranger Things Mode is an easter egg feature that adds some visual effects to your app. Hope this info helps /GK,other_unsupported,Mohd Sajid Jafri,,False,AUTO_HANDLE
cand_100,149354,149352,149354,150031,Fri Nov 24 12:53:03 +0000 2017,@SpotifyCares is it possible to DM for  support?,"@150031 Hey James, help's arrived! Can you let us know what's happening exactly? Also, are you getting any error messages? We'll see what we can suggest /KM",other_unsupported,Mohd Sajid Jafri,,False,AUTO_HANDLE
cand_101,139103,139102,139103,147347,Fri Nov 24 07:39:19 +0000 2017,@SpotifyCares I’ve been sent an email from Spotify saying that my email address has been changed. How can I be sure that it’s not fake/span?,@147347 Hi there! Can you DM us your account's username or email address? We'll take a look backstage /DN https://t.co/ldFdZRiNAt,account_access_security,Mohd Sajid Jafri,,True,ESCALATE
cand_102,155376,155374,155376,151641,Fri Nov 24 15:27:33 +0000 2017,@115888 hey there! I purchased a year subscription as a gift to be delivered on 11/18 and the email never was received. Could I please have it resent?,@151641 Hi there! Can you let us know your account's email address or username? A screenshot of the receipt will also be super helpful. We'll take a look /GT,subscription_billing,Mohd Sajid Jafri,,False,AUTO_HANDLE
cand_103,187578,187577,187579.0,160026,Wed Oct 04 07:38:13 +0000 2017,@SpotifyCares Okay. Thankyou.,@160026 You're welcome! Keep on rocking and https://t.co/mJs5KObHO4 🎶 /RC,other_unsupported,Mohd Sajid Jafri,,False,AUTO_HANDLE
cand_104,46642,46640,46643.0,126367,Wed Nov 01 16:56:19 +0000 2017,@SpotifyCares excuses over excuses i just want the albums 😔,@126367 We hear you loud and clear. Fingers crossed we'll be able to have it soon /JI,other_unsupported,Mohd Sajid Jafri,,False,AUTO_HANDLE
cand_105,187740,187739,187740,160059,Wed Oct 04 15:07:05 +0000 2017,"@SpotifyCares whenever I try to connect my student premium to my Hulu, I get this. Please help https://t.co/54GxsxYgZF","@160059 Hey Jolie, help's here! Can you DM us your account's email address? We'll take a look backstage /SJ https://t.co/ldFdZRiNAt",account_access_security,Mohd Sajid Jafri,,False,AUTO_HANDLE
cand_106,142990,142989,142990,148282,Fri Nov 24 08:53:58 +0000 2017,6 ads in a row... seriously? @115888,"@148282 Hi there! We appreciate your feedback on this. For now, check out https://t.co/zgnxs5kPEu if you haven't had a subscription before. Feel free to tweet us if there's anything else /GK",other_unsupported,Mohd Sajid Jafri,,False,AUTO_HANDLE
cand_107,153746,153745,153746,151198,Fri Nov 24 13:53:11 +0000 2017,"@115888 I find discriminatory that only college students have a 50% discount.
Could it not be extended to high school students as well?
Thank you!","@151198 Hey, we hear you loud and clear! We can’t make any promises but we’ll pass your feedback onto the right folks /K",other_unsupported,Mohd Sajid Jafri,,False,AUTO_HANDLE
cand_108,176530,176526,176530,157533,Fri Nov 24 23:56:28 +0000 2017,"@115888 Hi Spotify, how do I avoid repetition? I choose my favorite band to listen to and I'll hear the same song 3 times in an hour. Is there a work around?","@157533 Hey there! Can you let us know the device, operating system, and Spotify version you're using? We'll see what we can suggest /LO",playback_issues,Mohd Sajid Jafri,,False,AUTO_HANDLE
cand_109,187814,187813,187814,160070,Wed Oct 04 14:02:30 +0000 2017,@115888 need help with my account please help,@160070 @115888 Hi Mauricio! We've just sent you a bit more info over DM. We'll carry on helping out there /CP,account_access_security,Mohd Sajid Jafri,,False,AUTO_HANDLE
cand_110,76250,76249,76250,133060,Thu Nov 30 09:40:48 +0000 2017,@SpotifyCares I just tried renewing my subscription and it charged me twice and hasn’t renewed it 🤔 sos,@133060 Hey Jac! The cavalry's here. Can you DM us your account's username or email address? We'll take a look under the hood /PK https://t.co/ldFdZRiNAt,subscription_billing,Mohd Sajid Jafri,,True,ESCALATE
cand_111,102221,102220,102221,138419,Thu Nov 30 17:20:32 +0000 2017,@115888 I can’t cancel my subscription it won’t let me log in with using my username or email. Please help me.,"@138419 Hey there, help's here! Could you DM us your account's email address and username? We'll take a look backstage /CG https://t.co/ldFdZRiNAt",subscription_billing,Mohd Sajid Jafri,,True,ESCALATE
cand_112,100132,100131,100132,137942,Thu Nov 30 17:12:43 +0000 2017,@SpotifyCares how would I go about recovering a stolen premium account?,"@137942 Hey Leonerd, we’re sorry to hear that. Check out https://t.co/iVpg60w61i for what to do next /NG",account_access_security,Mohd Sajid Jafri,,True,ESCALATE
cand_113,141179,141178,141180.0,147839,Fri Nov 24 08:28:58 +0000 2017,@SpotifyCares I've worked it out now thank you anyway,@147839 Hi! We've just sent you a DM 🙂 /GK,other_unsupported,Mohd Sajid Jafri,,False,AUTO_HANDLE
cand_114,110035,110034,110036.0,140431,Thu Nov 23 20:02:01 +0000 2017,@SpotifyCares English (English),"@140431 In this case, content such as playlists are based on the location of your account. Since yours is set to Austria, the content will show up in German. The language setting on your app will only affect the menus. We hope this clears things up /LM",other_unsupported,Mohd Sajid Jafri,,False,AUTO_HANDLE
cand_115,137172,137170,137175.0,146935,Fri Nov 24 06:57:44 +0000 2017,@115888 For existing customers?,@146935 Hey Marc! The 3 months Premium for $0.99 is only available to new users and the ones who haven't had Premium before. Let us know if there's anything else we can help with /KM,other_unsupported,Mohd Sajid Jafri,,False,AUTO_HANDLE
cand_116,118887,118886,118888.0,142360,Thu Nov 23 22:15:24 +0000 2017,@115888 Why does it say 99 kr for 3 months when I continue to the offer? (Denmark),@142360 Hey there! Can you DM us your account's username and email address? We'll take a look backstage /SY https://t.co/ldFdZRiNAt,other_unsupported,Mohd Sajid Jafri,,False,AUTO_HANDLE
cand_117,149347,149346,149348.0,150029,Fri Nov 24 14:51:05 +0000 2017,"@SpotifyCares iPhone 7 , iOS 10.3.3 , Spotify 8.4.28",@150029 Thanks. Can you try logging out and back in again? Does that help? /GK,other_unsupported,Mohd Sajid Jafri,,False,AUTO_HANDLE
cand_118,115274,115272,115277.0,141626,Thu Nov 23 20:42:35 +0000 2017,@115888 why do you have to live at same address for a family plan?,@141626 Hey there! All members of a Premium for Family plan must reside at the same physical address as mentioned in our T&amp;Cs: https://t.co/1XJ4A5XZ9O. Hope this clears things up /QI,other_unsupported,Mohd Sajid Jafri,,False,AUTO_HANDLE
cand_119,160551,160550,160551,152987,Fri Nov 24 16:38:20 +0000 2017,Thanks @115888 for secretly canceling my student subscription and replacing it with a premium subscription even though I'm still a student. I got some change in my pocket if you want to screw me out of some more money,@152987 Hey there! Could you DM us your account's username and email address? We'll take a look backstage /DF https://t.co/ldFdZRiNAt,other_unsupported,Mohd Sajid Jafri,,False,AUTO_HANDLE
cand_120,160515,160514,160515,152978,Fri Nov 24 16:02:43 +0000 2017,I am trying to sign up for the invite for the premium family subscription but after I sign in all the information it states there is error try again @SpotifyCares,"@152978 Hey Melanie, helps here! Could you fire over a DM with your username and email address? We'll take a look backstage 🔍 /ZO https://t.co/ldFdZRiNAt",other_unsupported,Mohd Sajid Jafri,,False,AUTO_HANDLE
cand_121,145948,145947,145948,149099,Fri Nov 24 08:48:30 +0000 2017,@SpotifyCares Hey so I decided to spice up my recurring problem this time and tell it through story-form. I sent a DM in just there :),@149099 Hey Ryan! We've just replied to your DM. We'll carry on chatting there 🙂 /Q,other_unsupported,Mohd Sajid Jafri,,False,AUTO_HANDLE
cand_122,100164,100163,100165.0,137955,Thu Nov 30 13:54:09 +0000 2017,"@SpotifyCares All tracks. Windows 7, Chrome web player","@137955 Thanks! Just to check, have you tried using a different network? Sending us the versions of the Google Chrome and Spotify app you're rocking would be helpful /FJ",other_unsupported,Mohd Sajid Jafri,,False,AUTO_HANDLE
cand_123,23277,23275,23281.0,121073,Wed Nov 01 08:29:31 +0000 2017,@SpotifyCares  https://t.co/GvE0JBxILu,"@121073 Hmm. Is this happening after a specific song plays? Also, are you using a wired or wireless connection? /AY",other_unsupported,Mohd Sajid Jafri,,False,AUTO_HANDLE
cand_124,156980,156979,156980,152057,Fri Nov 24 15:12:43 +0000 2017,"@SpotifyCares hey, don't know if you know, but you can't control the volume on the Xbox one app from your phone like you could the computer. Would be very appreciated if you updated.",@152057 Hi Austin! We can see how that’d be handy. We can’t make any promises but we'll be sure to let the right team know it's something you'd like to see /JI,other_unsupported,Mohd Sajid Jafri,,False,AUTO_HANDLE
cand_125,172486,172487,172485.0,156308,Tue Nov 28 00:13:05 +0000 2017,"@SpotifyCares @156307 @SpotifyCares, This is clearly not an account issue. It's a design issue. This is a bug that needs needs to be address so the app will be accessible to users who need larger type.","@156308 Hey Lauren, thanks for the feedback – we appreciate it! We’ll get this passed onto the right team 💚 /KC",feature_request_ui,Mohd Sajid Jafri,,False,ESCALATE
cand_126,112005,112004,112006.0,140877,Thu Nov 23 19:55:31 +0000 2017,"@SpotifyCares I mean, ""Your Spotify app needs updating"" Is kinda unsatisfying since this happens every few weeks","@140877 In this case, we'd suggest removing your offline devices at https://t.co/8WYo44m758 and reinstalling the app by following the steps here: https://t.co/cxGHt0bCR8. Keep us posted /CX",other_unsupported,Mohd Sajid Jafri,,False,AUTO_HANDLE
cand_127,147401,147400,147401,149498,Fri Nov 24 14:14:22 +0000 2017,hey @115888 @SpotifyCares why can i play any music even on shuffle without having premium?,"@149498 Hey! What's the exact device, operating system, and Spotify app version you're using? Can you also send us a DM with your account's email address? We'll take a look for you /NJ https://t.co/ldFdZRiNAt",other_unsupported,Mohd Sajid Jafri,,False,AUTO_HANDLE
cand_128,189817,189815,189818.0,160529,Wed Oct 04 23:13:59 +0000 2017,@SpotifyCares @160530 What if I signed up for premium and already have it but don’t have Hulu?,@160529 Hey there! Can you DM us your account's email address? We'll see what we can suggest /RB https://t.co/ldFdZRiNAt,other_unsupported,Mohd Sajid Jafri,,False,AUTO_HANDLE
cand_129,158937,158935,158939.0,152537,Fri Nov 24 13:11:20 +0000 2017,@149503 Why isn't Spotify available in my country everytime I try to download it I get the same result and it's frustrating,"@152537 Hey, help's here! Could you let us know where you're currently located? We'll see what we can suggest /FJ",other_unsupported,Mohd Sajid Jafri,,False,AUTO_HANDLE
cand_130,149330,149329,149330,150022,Fri Nov 24 11:10:31 +0000 2017,I can't receive my password reset email @SpotifyCares,"@150022 Hey Joshua, we'd love to help! Can you DM us your account's username or email address? We'll check what's happening backstage /JP https://t.co/ldFdZRiNAt",account_access_security,Mohd Sajid Jafri,,False,ESCALATE
cand_131,172540,172539,172540,156326,Fri Nov 24 19:59:03 +0000 2017,@115888 can we have an update please,"@156326 Hey Maddie, help's here! What’s happening exactly? Can you let us know the device/OS you’re using? Keep us posted /JK",other_unsupported,Mohd Sajid Jafri,,False,AUTO_HANDLE
cand_132,172532,172531,172532,156323,Fri Nov 24 21:27:54 +0000 2017,@115888 is the only ad you’re going to play today for the Gap? If I have to hear about the Gap one more time I’m going to kick someone.,"@156323 Hi! Thanks for your feedback - we'll pass it on. For now, check out https://t.co/zgnxs5kPEu if you haven't had a subscription before /RB",other_unsupported,Mohd Sajid Jafri,,False,AUTO_HANDLE
cand_133,86371,86370,86372.0,134858,Thu Nov 30 14:19:52 +0000 2017,@SpotifyCares Game changer. Thank you!,"@134858 You're welcome! If you ever need help with anything else, you know where to find us /QI",other_unsupported,Mohd Sajid Jafri,,False,AUTO_HANDLE
cand_134,41768,41767,41769.0,125200,Wed Nov 01 15:26:02 +0000 2017,@SpotifyCares Ooh! Thank you.,@125200 You're welcome! Let us know if you ever need us again. We'd be... https://t.co/LgAM6ky9Vv 🙂 /AU,other_unsupported,Mohd Sajid Jafri,,False,ESCALATE
cand_135,118866,118865,118866,142353,Thu Nov 23 22:31:11 +0000 2017,"@SpotifyCares Hello, recently I moved from Canada to the US for School, and wanted to sign up for the student discount. However, when I try to input my US Card, it gives me a ""the selected card is not available in this country"". And I am unable to change the country as well",@142353 Hey there! Can you DM us your account's email address and a screenshot of the error message you're seeing? We'll take a look /RB https://t.co/ldFdZRiNAt,subscription_billing,Mohd Sajid Jafri,,False,ESCALATE
cand_136,155360,155359,155360,151634,Fri Nov 24 14:54:39 +0000 2017,@SpotifyCares I went to add student premium to my account but the sign in through university didn’t go through but I still got charged $4.99 but I don’t have premium.. I want to cancel but it shows no subscriptions,@151634 Hey there! Could you DM us your account's username and email address? We'll see what we can suggest /DF https://t.co/ldFdZRiNAt,subscription_billing,Mohd Sajid Jafri,,True,ESCALATE
cand_137,93881,93880,93881,136360,Thu Nov 30 15:01:06 +0000 2017,"@115888 your web player is a poorly coded, barely functional and temperamental piece of shit","@136360 Hi there! Can you tell us more about what's happening? Also, what browser are you using? We'll see what we can do /XF",other_unsupported,Mohd Sajid Jafri,,False,AUTO_HANDLE
cand_138,116603,116602,116604.0,141979,Thu Nov 23 21:46:02 +0000 2017,@117153 i have a problem with my account premium. My spotify username is 11134176350,@141979 Hey Mike! Can you tell us a little more about what is going on? We'll see what we can suggest /TF,account_access_security,Mohd Sajid Jafri,,False,ESCALATE
cand_139,128869,128867,128869,144991,Fri Nov 24 02:21:20 +0000 2017,@SpotifyCares Would love if you’d implement language switching in the mobile app. Run my phone in Japanese but having the jumble of names in katakana and songs/albums in English makes using the app an awful experience.,@144991 Hey Michael! We can see how that’d be handy. Thanks for taking the time to reach out – your feedback's been noted 📝 /AR,feature_request_ui,Mohd Sajid Jafri,,False,ESCALATE
cand_140,83666,83664,83666,134385,Thu Nov 30 12:28:09 +0000 2017,@115888 u guys should update and give users the ability to delete songs from the search bar of our playlists so we don’t have to scroll through a thousand songs to get rid of one,"@134385 Hey there! If you want to search for a song to delete within your playlist, just type the title on the Filter field. You should get to the song right away and tap/click Remove from this Playlist. Hope this clears things up /LS",feature_request_ui,Mohd Sajid Jafri,,False,ESCALATE
cand_141,199104,199103,199104,162917,Wed Oct 04 13:31:26 +0000 2017,"@SpotifyCares Hello, I just subscribed for a Family membership, but it seems like the system can't accept my Danish address. Could you help?",@162917 Hey there! We've just sent you a bit more info over DM. We'll carry on helping out there /PB,subscription_billing,Mohd Sajid Jafri,,False,ESCALATE
cand_142,162230,162229,162230,153453,Fri Nov 24 18:07:12 +0000 2017,why isn't the loreen album on UK spotify?,"@153453 Hey Matthew! It all boils down to licensing. There's info about Spotify content here: https://t.co/0i8GpimuDa. Any other questions, just let us know /NG",other_unsupported,Mohd Sajid Jafri,,False,AUTO_HANDLE
cand_143,77731,77729,77731,133325,Thu Nov 30 09:52:08 +0000 2017,@SpotifyCares ? https://t.co/6clOTzr1Wf,"@133325 Hey, we're here to help! Can you DM us your account's email address or username? We'll take a look backstage /KM https://t.co/ldFdZRiNAt",other_unsupported,Mohd Sajid Jafri,,False,AUTO_HANDLE
cand_144,147404,147402,147404,149499,Fri Nov 24 09:52:31 +0000 2017,i want to join @115888  but every time i try to sign up whether with fb or email it doesn't go past this loading icon :( is it country restricted or something? does anyone have any suggestions/solutions? https://t.co/BNUyUuawar,@149499 Hi there! Can you let us know what country you're currently located at? We'll take a look backstage /DR,service_status_outage,Mohd Sajid Jafri,,False,ESCALATE
cand_145,155362,155361,155362,151635,Fri Nov 24 13:06:41 +0000 2017,@116130 ur new music playlist is mostly guff this week. Sakes 😩,@151635 Thanks for the feedback – we appreciate it! We’ll get this passed onto the right team. Give us a shout if you need anything else /ZO,other_unsupported,Mohd Sajid Jafri,,False,AUTO_HANDLE
cand_146,86399,86396,86399,134865,Thu Nov 30 13:40:39 +0000 2017,"@115888 feeling depleted after trying to offer you my monthly subscription uptake. Make it easier for the Samsung lovers turned apple user for work purposes. Note: I could be just bad at tech flow but this support donation I have for you, ain’t working at my end!",@134865 Hey there! We'd love to help. Can you let us know what's happening exactly? /RC,other_unsupported,Mohd Sajid Jafri,,False,AUTO_HANDLE
cand_147,160535,160534,160535,152982,Fri Nov 24 15:46:36 +0000 2017,so when is taylor releasing rep on spotify https://t.co/kIl7mR42QN,"@152982 Hey Aly, we’ll have it available to you as soon as it’s available to us! For now, check out the singles: https://t.co/3h0TnPWP0c /NG",service_status_outage,Mohd Sajid Jafri,,False,ESCALATE
cand_148,153749,153747,153753.0,151199,Fri Nov 24 14:11:04 +0000 2017,"@115888 I'm making a playlist about alcohol and I want to sort them by fermented and distilled beverages, increasing in grades. Woe is me. Please hear my plea, lol.","@151199 Hey there, we're here to help! Could you let us know what device you're trying to organize your drinks on? We'll be happy to lend a hand /TB",other_unsupported,Mohd Sajid Jafri,,False,AUTO_HANDLE
cand_149,91685,91684,91685,135883,Thu Nov 30 11:08:42 +0000 2017,"Disappointed with you @115888 as I’ve registered as a student for £4.99 per month, added my student card and you’re still charging £9.99?🧐",@135883 Hi Tom! Help's here. DM us your account's email address and we'll see what we can suggest /SD https://t.co/ldFdZRiNAt,subscription_billing,Mohd Sajid Jafri,,False,ESCALATE
cand_150,106328,106326,106328,139559,Thu Nov 30 18:34:21 +0000 2017,"@SpotifyCares heeeeelp! Someone has changed my email and hacked my Spotify, now I can’t get back in 😕","@139559 Hey Polly, help's here! Can you DM us your account's username and email address? We'll help out backstage /JX https://t.co/ldFdZRiNAt",account_access_security,Mohd Sajid Jafri,,True,ESCALATE
cand_151,66003,66001,66006.0,131101,Thu Nov 30 07:26:27 +0000 2017,"@SpotifyCares Another glib reply to a basic feature request that's been out there for years.  In the mean time my kids can hear the f, c and n words blaring out on the sonos.  If apple music can do it so can you.  In fact f it, I'm leaving spotify for Apple.","@131101 Sorry to hear you feel that way. We can guarantee you that your thoughts won't fall on deaf ears. If anything else comes up, let us know. We're here for you /AC",other_unsupported,Mohd Sajid Jafri,,False,AUTO_HANDLE
cand_152,864,863,865.0,115891,Tue Oct 31 22:22:05 +0000 2017,@SpotifyCares ok thx,"@115891 No worries. If you have other questions, just give us a shout 😉 /GS",other_unsupported,Mohd Sajid Jafri,,False,AUTO_HANDLE
cand_153,145916,145914,145918.0,149093,Fri Nov 24 09:17:34 +0000 2017,@115888 You can only avail the ₱9 for 3 months if you use a credit card 😞,"@149093 Hey! You can sign up for the Intro Offer using any recurring payment methods that’s available at https://t.co/1iF7T0iEU2, but the pricing varies by payment mode. We're afraid you'd have to use either a credit or debit card to get the 9 PHP deal. Hope this clears things up /KM",subscription_billing,Mohd Sajid Jafri,,False,AUTO_HANDLE
cand_154,64367,64366,64367,130774,Thu Nov 30 07:41:49 +0000 2017,@115888 why have you charged me £14.99 on the 18th of November as I upgraded my subscription and @118101 why have you then charged me £9.99 on the 26th of November for a standard premium spotify account. @118101 SORT OUT A REFUND ASAP!!!!,@130774 Hey Imran. Can you send us a DM with your account's email address or username? We'll take a look behind the scenes /AY https://t.co/ldFdZRiNAt,subscription_billing,Mohd Sajid Jafri,,True,ESCALATE
cand_155,123459,123458,123459,143581,Fri Nov 24 00:12:12 +0000 2017,Hi @SpotifyCares I’m trying to link my Spotify premium account with the ps4 service but it fails : ‘Spotify already linked ...’ - could you  help me please ?,@143581 Hey there! Our friends over @AskPlayStation should be able to help with this. Give us a shout if you have other questions /LO,account_access_security,Mohd Sajid Jafri,,True,ESCALATE
cand_156,160556,160554,160556,152989,Fri Nov 24 16:35:17 +0000 2017,Wtf?? @115888 @152990 https://t.co/8iiELBCPTD,@152989 Hey there! Could you tell us what's happening exactly? Keep us posted /DF,other_unsupported,Mohd Sajid Jafri,,False,AUTO_HANDLE
cand_157,58278,58277,58279.0,129236,Wed Nov 01 20:26:33 +0000 2017,@SpotifyCares Ah okay.  Thanks.,"@129236 No worries! For anything else, we're just a tweet away /JP",other_unsupported,Mohd Sajid Jafri,,False,AUTO_HANDLE
cand_158,132594,132592,132594,145914,Thu Nov 23 22:02:33 +0000 2017,"@125633 hi, I recently emailed about my song on someone else’s page and your representative said they will try and move it back to my page however I wanted to know if the number of streams on the song will be affected by the track?","@145914 Hey Freezy! Can you DM us the Spotify URI of the track, and the email address you used to contact the team? We'll chase this up /K https://t.co/ldFdZRiNAt",other_unsupported,Mohd Sajid Jafri,,False,AUTO_HANDLE
cand_159,110062,110061,110062,140437,Thu Nov 23 19:49:00 +0000 2017,@115888 hi im just wondering how I can cancel 1 of 2 subscription to your selfs ...,"@140437 Hey Jon, help's here! Can you DM us both of your accounts' usernames and email addresses? We'll see what we can suggest /TR https://t.co/ldFdZRiNAt",other_unsupported,Mohd Sajid Jafri,,False,AUTO_HANDLE
cand_160,171145,171144,171146.0,155928,Fri Nov 24 20:07:28 +0000 2017,@115888 DM me or i’ll cry,"@155928 Hey Olivia. Don't cry, help's here! Could you send over your email address via DM? Also, if you're receiving any error messages, a screenshot of it would be very helpful. We'll see what's going on /KA https://t.co/ldFdZRiNAt",other_unsupported,Mohd Sajid Jafri,,False,AUTO_HANDLE
cand_161,199144,199143,199144,162929,Wed Oct 04 12:46:35 +0000 2017,"Dear @118266 we need lyrics, not behind the lyrics. Thanks","@162929 Hi, we hear you! Any updates will be posted at https://t.co/osebD49Qxe. We'd recommend voting to support the idea, too /SC",feature_request_ui,Mohd Sajid Jafri,,False,ESCALATE
cand_162,91670,91668,91670,135881,Thu Nov 30 15:07:34 +0000 2017,"OK, it just happened again and I updated my account , @SpotifyCares can you help? Someone is hijacking my account.",@135881 Hi there! We’re sorry to hear that. We'd suggest checking out https://t.co/iVpg60w61i for what to do next. Let us know if we can help with anything else /GN,account_access_security,Mohd Sajid Jafri,,True,ESCALATE
cand_163,166655,166654,166655,154713,Fri Nov 24 19:21:21 +0000 2017,Hey @115888 feature request. A button that stops Christmas songs playing before 1st December. Thanks.,@154713 We can see how that’d be handy. Thanks for taking the time to reach out – your feedback's been noted 📝 /DF,feature_request_ui,Mohd Sajid Jafri,,False,ESCALATE
cand_164,184356,184355,184356,159388,Sat Nov 11 13:14:57 +0000 2017,"Spotify really needs to take a look at artist pages on their mobile app... I can never find their EPs and Singles, only albums and popular songs (&amp; playlists) @115888",@159388 Hi there. We're sorry you feel that way. Can you DM us your account's email address? We'll take a look backstage /LM https://t.co/ldFdZRiNAt,feature_request_ui,Mohd Sajid Jafri,,False,ESCALATE
cand_165,48070,48069,48070,126749,Thu Nov 02 17:19:21 +0000 2017,Why would anyone even want to be abroad in England tho??? Sort it out @115888 https://t.co/mAdgb5v3bT,@126749 Hey! Can you DM us your account's email address? We'll see what we can suggest /CB https://t.co/ldFdZRiNAt,service_status_outage,Mohd Sajid Jafri,,False,AUTO_HANDLE
cand_166,8678,8677,8679.0,117526,Tue Oct 31 23:50:22 +0000 2017,@SpotifyCares I have now tried a different computer on a different network with a different browser (Edge) &amp; still can't push play.,"@117526 Hmm, that's odd. Could you DM us your account's email address? We'll take a look under the hood /KB",playback_issues,Mohd Sajid Jafri,,False,ESCALATE
cand_167,187543,187542,187545.0,160018,Wed Oct 04 10:33:51 +0000 2017,@SpotifyCares Microsoft is promoting their Music Pass Costumers to Spotify but you're Mobile App is Crashing after 10Minutes of use and is not up-to-date. https://t.co/KeGAIGe0dx,@160018 1: The Spotify app on Windows Phone is currently in maintenance mode. There's some more info here: https://t.co/KSq4qse4dE.,app_crash_technical,Mohd Sajid Jafri,,False,ESCALATE
cand_168,199184,199183,199185.0,162939,Wed Oct 04 10:46:06 +0000 2017,@115888 Wow hi it's ok now i just re-downloaded it thx for the service though 💯,@162939 That's great to hear! Just let us know if we can help with anything else /HC,other_unsupported,Mohd Sajid Jafri,,False,AUTO_HANDLE
cand_169,156960,156959,156960,152050,Fri Nov 24 16:53:24 +0000 2017,@SpotifyCares Roughly how long does it take to get a response to a private message? Just sent one and I'm wondering. Cheers.,@152050 Hi there! We've just replied to your DM. Check it out /JE,other_unsupported,Mohd Sajid Jafri,n,False,AUTO_HANDLE
cand_170,149357,149356,149357,150032,Fri Nov 24 10:46:12 +0000 2017,@SpotifyCares I’m trying to use spotify on my PS4 and when I try to link my account it tells me it’s already linked to one??,@150032 Hey there! That's not cool. Our friends over @AskPlayStation should be able to help with this. Give us a shout if you have other questions /QI,service_status_outage,Mohd Sajid Jafri,,False,AUTO_HANDLE
cand_171,130880,130879,130880,145544,Fri Nov 24 05:38:20 +0000 2017,@115888 needs a “deleted” page,@145544 Hi there! Thanks for the suggestion. We'll be sure to pass it on to the team. Let us know if you need anything else /NY,feature_request_ui,Mohd Sajid Jafri,,False,ESCALATE
cand_172,130902,130901,130902,145551,Fri Nov 24 05:15:18 +0000 2017,"@SpotifyCares hi, yesterday i received an email saying that my spotify family was changed to spotify free bc you couldnt confirm my address. when i tried to confirm it i kept failing with ""3-ups, something wrong try again"". what should i do? my account is __email__ thx",@145551 Hey Joe! We've just sent you a bit more info over DM. We'll carry on helping out there. We also suggest that you delete your public tweet as it contains private info /MA,service_status_outage,Mohd Sajid Jafri,,False,ESCALATE
cand_173,83689,83688,83689,134391,Thu Nov 30 12:31:33 +0000 2017,"i was thinking, what if @115888 had achievements for like how many times you played a song or when someone else is listening to your playlist",@134391 We can see how that’d be useful! You can vote for the official idea here: https://t.co/iQu0I6ujez. Stay awesome 😁 /MX,feature_request_ui,Mohd Sajid Jafri,,False,ESCALATE
cand_174,124841,124840,124842.0,143966,Fri Nov 24 00:25:11 +0000 2017,@SpotifyCares @143967 how to get the promo 129php for 3months?,@143966 Hey there! Can you DM us your account's email address? We'll take a look /RB https://t.co/ldFdZRiNAt,subscription_billing,Mohd Sajid Jafri,,False,ESCALATE
cand_175,187399,187397,187399,159968,Wed Oct 04 07:05:37 +0000 2017,"@115888 @SpotifyCares hey Spotify, how do I access your live chat? Used it last month for help and it was amazing. Need their help again.","@159968 Hi Jess! We can help out here on Twitter, but you can also reach out to our Chat team here: https://t.co/zu6tKiIYUg /PL",service_status_outage,Mohd Sajid Jafri,,False,AUTO_HANDLE
cand_176,22239,22237,22239,120860,Tue Oct 31 22:09:37 +0000 2017,"Would be very cool @115888 if under ""New Releases"" things were separated by Album vs. Single &lt;3",@120860 This sounds like a great idea! Suggest it in our Community at https://t.co/rtDvYZOF32 so it can get support from other users 💚 /RR,feature_request_ui,Mohd Sajid Jafri,,False,AUTO_HANDLE
cand_177,17067,17066,17067,119768,Fri Dec 01 05:39:08 +0000 2017,@SpotifyCares  your customer service is poor.... today I was advised to change the password on my hacked account ... might be a challenge don’t you think ?!,@119768 Sorry to hear you feel that way. We've just sent you more info via DM. We'll continue helping out there /LS,account_access_security,Mohd Sajid Jafri,,True,ESCALATE
cand_178,64395,64393,64397.0,130782,Thu Nov 30 07:59:32 +0000 2017,@SpotifyCares What about my downloaded albums?,@130782 Your downloaded tunes are safe. You'll just have to resync them after you reinstall the app. Keep us posted /PL,other_unsupported,Mohd Sajid Jafri,,False,AUTO_HANDLE
cand_179,110033,110032,110033,140430,Thu Nov 23 19:56:18 +0000 2017,"@spotifycares can you help, my wife has received an email to renew her spotify student but the institution is not recognised, but she has had student for a year signed up through nus extra, please help as she doesn't want to use any other services as this is the best","@140430 Hey, help's here! Could you send us a DM with your wife's account's email address or username? We'll take a look backstage /CO https://t.co/ldFdZRiNAt",service_status_outage,Mohd Sajid Jafri,,False,ESCALATE
cand_180,145944,145943,145944,149097,Fri Nov 24 09:13:00 +0000 2017,"@SpotifyCares Hey there - if I sign up to a mobile package with Spotify included, can I transfer over existing playlists etc from an existing premium account?  Thanks again","@149097 Hey Mike, help's here! Could you send us a DM with your accounts' usernames or email addresses? We'll take a look and see what we can suggest 🔍 /DB https://t.co/ldFdZRiNAt",subscription_billing,Mohd Sajid Jafri,,False,ESCALATE
cand_181,169702,169701,169702,155524,Fri Nov 24 20:27:12 +0000 2017,@SpotifyCares why was I not notified about needing to re-verify my student account eligibility? I tried to get the student account again and the website now says I’m a student but I still can’t access Hulu. Do I have to wait a whole month? And can the $9.99 be reversed?,@155524 Hey there! Could you DM us your account's username and email address? We'll take a look backstage /DF https://t.co/ldFdZRiNAt,subscription_billing,Mohd Sajid Jafri,,True,ESCALATE
cand_182,199178,199177,199178,162937,Wed Oct 04 10:48:13 +0000 2017,@118266 kok udah bayar premium sebulan tapi di aplikasi tetep ga bisa ya,"@162937 Hey! We can help out in English via Twitter, but we also have Indonesian support via email at https://t.co/ZgU70TbP8M /HC",other_unsupported,Mohd Sajid Jafri,,False,AUTO_HANDLE
cand_183,93902,93900,93902,136366,Thu Nov 30 14:37:42 +0000 2017,@115888 why isn’t star shopping by lil peep on spotify,@136366 Hey there! Can you let us know which country your Spotify account is set to? We'll be right here waiting /LP,other_unsupported,Mohd Sajid Jafri,,False,AUTO_HANDLE
cand_184,104102,104099,104102,138950,Thu Nov 30 17:18:15 +0000 2017,@SpotifyCares hey guys. I can't get back logged in. Even the email address I registered with isn't being recognized,@138950 Hi there! Could you DM us your account's email address so we can check backstage? /FJ https://t.co/ldFdZRiNAt,service_status_outage,Mohd Sajid Jafri,,False,AUTO_HANDLE
cand_185,30116,30115,30116,122625,Wed Nov 01 09:50:26 +0000 2017,@SpotifyCares Can you not use a NUS card anymore to get Spotify student price?!,@122625 Hey there! We've just sent you a bit more info over DM. We'll carry on helping out there /RS,other_unsupported,Mohd Sajid Jafri,,False,AUTO_HANDLE
cand_186,41772,41771,41773.0,125201,Wed Nov 01 15:23:20 +0000 2017,@SpotifyCares And thanks for sharing the link 😊,"@125201 No worries. If there's anything else, give us a shout. Have a https://t.co/fOHcTvz8dt 💚 /LP",other_unsupported,Mohd Sajid Jafri,,False,AUTO_HANDLE
cand_187,153792,153791,153792,151213,Fri Nov 24 11:30:43 +0000 2017,@115888 Hey is there any plans to bring this deal to Ireland anytime soon? Would really appreciate it! https://t.co/KEoxLrhVRI,"@151213 @115888 Hi there! The deal's currently not available in your country, but it's great to hear your thoughts about this. We'll pass it along to the team. If there's anything else, let us know /FJ",other_unsupported,Mohd Sajid Jafri,,False,AUTO_HANDLE
cand_188,189659,189657,189659,160484,Wed Oct 04 23:13:33 +0000 2017,"@SpotifyCares Issue w/Spotify on WinMobile 10. Keeps saying can't connect audio, restart.  Either that or just wont play. TIA #windows10",@160484 Hey David! What device and Spotify version are you using? We'll see what we can suggest /RA,app_crash_technical,Mohd Sajid Jafri,,False,ESCALATE
cand_189,124151,124150,124151,143768,Fri Nov 24 00:08:57 +0000 2017,Why can't I get @115888  for £4.99 a month like students 😭 #Notfair 🤦🏼‍♀️,@143768 Hey Katherine! Could you send us a DM with your account's email address or username? We'll take a look backstage /LO https://t.co/ldFdZRiNAt,other_unsupported,Mohd Sajid Jafri,,False,AUTO_HANDLE
cand_190,140092,140089,140092,147607,Fri Nov 24 07:56:44 +0000 2017,... I have literally 2 country-like songs/singers on my @115888 account out of thousands of songs ... so why is my weekly suggestions always filled up with gorram country music? ... and no way to thumbs down it ... Grrrrr #Ihatecountrymusic,"@147607 Hey Danielle! Just to check, is it on your Discover Weekly playlist? If so, Discover Weekly is based on what you, and others like you, are listening to. Hopefully it’s more in tune with your tastes next week /MU",other_unsupported,Mohd Sajid Jafri,,False,AUTO_HANDLE
cand_191,181553,181551,181553,158654,Wed Oct 04 05:22:31 +0000 2017,"@118266 i have a couple questions, can you help me..",@158654 Hey Sonny! The cavalry's here. How can we help you today? /KB,other_unsupported,Mohd Sajid Jafri,,False,AUTO_HANDLE
cand_192,166663,166662,166663,154717,Fri Nov 24 19:02:22 +0000 2017,@117153 Guys a little help here? Isn't working… https://t.co/R4sdWnx8AT,"@154717 Hey Tiago, help's here! We'd suggest deleting your message as it contains your private info (email address). Can you send us a DM instead? We'll have a look backstage /AG https://t.co/ldFdZRiNAt",other_unsupported,Mohd Sajid Jafri,,False,AUTO_HANDLE
cand_193,53728,53727,53729.0,128149,Wed Nov 01 17:53:28 +0000 2017,@SpotifyCares I’ve tried both of those and neither worked,@128149 Hmm. Could you send us your account's username or email address via DM? We'll take a look backstage /LP https://t.co/ldFdZRiNAt,other_unsupported,Mohd Sajid Jafri,,False,AUTO_HANDLE
cand_194,16533,16531,16535.0,119645,Wed Nov 01 03:33:17 +0000 2017,@115888 I don't get it. Do you not get to pick what you listen to anymore? Is this a cult? https://t.co/llzqflREow,@119645 Hey there! Can you let us know what's happening exactly? We'll see what we can suggest /NS,other_unsupported,Mohd Sajid Jafri,,False,AUTO_HANDLE
cand_195,172534,172533,172534,156324,Fri Nov 24 21:03:22 +0000 2017,@115888 @2069 Why do you have paypal as option to pay in US and not in Brazil?,"@156324 Hey there! We don't have any info on this right now, but we'll let the right team know it's something you'd like to see /MT",other_unsupported,Mohd Sajid Jafri,,False,AUTO_HANDLE
cand_196,70694,70692,70695.0,131856,Thu Nov 30 09:03:34 +0000 2017,"@SpotifyCares hello - iphone7, ios 11.0.3, spotify 8.4.28.1104, 

it is exactly the same issue raised on your help desk by someone else here - https://t.co/fpjMnrEIMN",@131856 We understand. Are you getting any error messages when it happens? Does logging out &gt; restarting the device &gt; logging back in help? /PL,other_unsupported,Mohd Sajid Jafri,,False,AUTO_HANDLE
cand_197,149372,149371,149372,150038,Fri Nov 24 13:37:35 +0000 2017,@115888 how do you cancel.  Oh Spotify tells you how but doesnt supply an easy way.  #rippedoffbyspotify,@150038 Hey there! Can you DM us your account's email address or username? We'll take a look backstage /TJ https://t.co/ldFdZRiNAt,other_unsupported,Mohd Sajid Jafri,,False,AUTO_HANDLE
cand_198,143004,143003,143004,148289,Fri Nov 24 10:51:44 +0000 2017,@SpotifyCares I had premium via family plan. It was canceled. Got it again. My account info was erased from families account. Don't know my email or password I used. I only know my username. Please help me!,"@148289 Hi there! Don't worry, we'll get to the bottom of this. Could you send us a DM with your account's username? We'll take a look backstage /DR https://t.co/ldFdZRiNAt",subscription_billing,Mohd Sajid Jafri,,True,ESCALATE
cand_199,149328,149327,149328,150021,Fri Nov 24 11:08:27 +0000 2017,"@SpotifyCares how long does it take for cover art to update? i changed cover art on some playlists a few days ago, and it still hasn’t changed through the mobile app. i have an iphone 7+. how long will this take?",@150021 Hey there! That's not cool. Could you send us a DM with your account's email address? We'll take a look backstage /QI https://t.co/ldFdZRiNAt,service_status_outage,Mohd Sajid Jafri,,False,AUTO_HANDLE
cand_200,66029,66028,66029,131106,Thu Nov 30 08:14:08 +0000 2017,@118266 saya mendapat promo 3 bulan cuma Rp 4990 itu benar ga? Trs kl udh 3 bulan selesai bayarnya kembali ke awal?,"@131106 Hey there! We can help out in English via Twitter, but we also have Indonesian support via email at https://t.co/ZgU70TbP8M /GK",other_unsupported,Mohd Sajid Jafri,,False,AUTO_HANDLE
