queue_id,query_id,query_customer_text,query_silver_intent,retrieved_rank,candidate_customer_tweet_id,candidate_intent,candidate_similarity,candidate_historical_customer,candidate_brand_reply,human_relevance_label,annotator,annotation_notes,status
ret_eval_01_rank1,silver_001,no offence @115888 but removing the message feature was your worst mistake x,other_unsupported,1,89548,other_unsupported,0.4297,@SpotifyCares I got chat and got it taken care of easily. Thanks for the support.,@135369 Awesome! Let us know if you ever need us again. We'd be... https://t.co/LgAM6ky9Vv /PB,,,,PENDING_HUMAN_ANNOTATION
ret_eval_01_rank2,silver_001,no offence @115888 but removing the message feature was your worst mistake x,other_unsupported,2,38314,offline_downloads,0.415,thanks @115888 for removing the download from all of my music randomly &amp; ruining my day :-),"@124330 1: Hey Tina, sorry to hear that! Check out the steps under “Downloads unexpectedly removed”...",,,,PENDING_HUMAN_ANNOTATION
ret_eval_01_rank3,silver_001,no offence @115888 but removing the message feature was your worst mistake x,other_unsupported,3,38314,offline_downloads,0.415,thanks @115888 for removing the download from all of my music randomly &amp; ruining my day :-),@124330 2: at https://t.co/38J7tFlIBF. They should help with this /SY,,,,PENDING_HUMAN_ANNOTATION
ret_eval_02_rank1,silver_002,@SpotifyCares Same thing appeared on incognito,other_unsupported,1,102212,other_unsupported,0.5404,@SpotifyCares I already tried a different browser and now I just tried incognito. No difference. Still frozen.,@138416 Got it. Can you try restarting your device and see if that helps at all? Keep us posted /AG,,,,PENDING_HUMAN_ANNOTATION
ret_eval_02_rank2,silver_002,@SpotifyCares Same thing appeared on incognito,other_unsupported,2,61172,playback_issues,0.5105,"@SpotifyCares So no, I haven't logged into the web player with incognito or private browsing",@130006 Gotcha. Try giving it another go using an incognito window of your browser to avoid any cache-related issues. Let us know how it goes /SY,,,,PENDING_HUMAN_ANNOTATION
ret_eval_02_rank3,silver_002,@SpotifyCares Same thing appeared on incognito,other_unsupported,3,166653,account_access_security,0.4933,"Weird activity on my @115888 so I go to change my password, if I access my account it shows me my DOB among other things - why show me my DOB, I know it, I don’t need anyone else to know it, useless element to my profile page #security #cybercrime #cyberaware",@138145 Hey Dan! We’re sorry to hear that. We'd suggest to check out https://t.co/QHn3ok8y2n for what to do next. Let us know if we can help with anything else 🙂 /GN,,,,PENDING_HUMAN_ANNOTATION
ret_eval_03_rank1,silver_003,@115888 when is @118062 reputation album going to be on spotify?!,playlist_library,1,49106,other_unsupported,0.7561,i so badly wanna listen to reputation. it needs to be released on spotify already,"@126966 Hey there! We’ll have it available to you as soon as it’s available to us! For now, check out the singles: https://t.co/3h0TnPWP0c /NG",,,,PENDING_HUMAN_ANNOTATION
ret_eval_03_rank2,silver_003,@115888 when is @118062 reputation album going to be on spotify?!,playlist_library,2,147418,other_unsupported,0.7556,@SpotifyCares any news for when #reputation  will be out on Spotify #taylorswift,"@149507 Hi Ginger. Taylor Swift's 'Reputation' isn't available to stream just yet – stay tuned! For now, check out the singles: https://t.co/3h0TnPWP0c /DR",,,,PENDING_HUMAN_ANNOTATION
ret_eval_03_rank3,silver_003,@115888 when is @118062 reputation album going to be on spotify?!,playlist_library,3,111980,other_unsupported,0.7508,@116380 @115888 @SpotifyCares  @118062 When Can I Start Streaming #Reputation On Spotify? This Is Getting Ridiculous It's Been Out For Nearly 3 Weeks Now.,"@140870 Hey Alex! We hear you loud and clear. We’ll have it available to you as soon as it’s available to us. For now, check out the singles: https://t.co/3h0TnPWP0c 🙂 /JI",,,,PENDING_HUMAN_ANNOTATION
ret_eval_04_rank1,silver_004,I don't know what it is. After my fb was locked out my spotify username on my laptop changed to a number,account_access_security,1,128196,other_unsupported,0.7055,@SpotifyCares why is my new spotify account username just random numbers? Can I fix this?,@144801 Hey there! Can you DM us your account's email address or username? We'll take a look /NS https://t.co/ldFdZRiNAt,,,,PENDING_HUMAN_ANNOTATION
ret_eval_04_rank2,silver_004,I don't know what it is. After my fb was locked out my spotify username on my laptop changed to a number,account_access_security,2,50894,other_unsupported,0.6606,"uhh so somehow i can’t even log into my spotify, but my failed log in attempt reactivated my facebook account? honestly what the fuck https://t.co/cNFUXpcJAF",@127424 Hey! Can you DM us your account's email address? We'll take a look backstage /K https://t.co/ldFdZRiNAt,,,,PENDING_HUMAN_ANNOTATION
ret_eval_04_rank3,silver_004,I don't know what it is. After my fb was locked out my spotify username on my laptop changed to a number,account_access_security,3,44692,device_connectivity,0.6147,@SpotifyCares I tried disconnecting this supposedly other Spotify acct from FB but I have not been able to,@125921 Can you DM us the email address that you use for Facebook? We'll take a look backstage /SY https://t.co/ldFdZRiNAt,,,,PENDING_HUMAN_ANNOTATION
ret_eval_05_rank1,silver_005,@SpotifyCares iphone 6s and i’m not sure but i’d assume the lastest update?,other_unsupported,1,176516,other_unsupported,0.6181,@SpotifyCares iPhone 6 on 3 ...it’s only happened recently all my updates are done so I don’t understand why,@157530 Thanks. Can you DM us your username or email address so we can take a closer look? /JU https://t.co/ldFdZRiNAt,,,,PENDING_HUMAN_ANNOTATION
ret_eval_05_rank2,silver_005,@SpotifyCares iphone 6s and i’m not sure but i’d assume the lastest update?,other_unsupported,2,33425,other_unsupported,0.601,@SpotifyCares iPhone 6s and version 11.1,@123395 2: things in order to improve Spotify. There's more info here: https://t.co/uon71wdZQZ /RS,,,,PENDING_HUMAN_ANNOTATION
ret_eval_05_rank3,silver_005,@SpotifyCares iphone 6s and i’m not sure but i’d assume the lastest update?,other_unsupported,3,33425,other_unsupported,0.601,@SpotifyCares iPhone 6s and version 11.1,@123395 Got it. It looks like you're seeing one of the changes that we've recently made to the app. We're always testing...,,,,PENDING_HUMAN_ANNOTATION
ret_eval_06_rank1,silver_006,@SpotifyCares does y’all promo that y’all have going on right now (.99¢ per month) go with student accounts also? Trying to decide if I️ want to subscribe or not since y’all also offer Hulu with the student accounts now also!,subscription_billing,1,167763,other_unsupported,0.6381,"@SpotifyCares if I have premium family account with Spotify, and I'm a student, can I still get the Hulu bundle?",@155026 Hi Julio! You'll need to leave your current Family plan in order to apply for the student discount + Hulu bundle. Hope this clears things up /WW,,,,PENDING_HUMAN_ANNOTATION
ret_eval_06_rank2,silver_006,@SpotifyCares does y’all promo that y’all have going on right now (.99¢ per month) go with student accounts also? Trying to decide if I️ want to subscribe or not since y’all also offer Hulu with the student accounts now also!,subscription_billing,2,169727,subscription_billing,0.633,@SpotifyCares I have a student premium acct. and for the past 2 months ive been charged full price and have not had access to hulu nor could i find a solution on the community forums/pages,"@155530 Hey Andrew, we're here to help! Could you DM us your account's username and email address? We'll take a look backstage /BX https://t.co/ldFdZRiNAt",,,,PENDING_HUMAN_ANNOTATION
ret_eval_06_rank3,silver_006,@SpotifyCares does y’all promo that y’all have going on right now (.99¢ per month) go with student accounts also? Trying to decide if I️ want to subscribe or not since y’all also offer Hulu with the student accounts now also!,subscription_billing,3,155385,subscription_billing,0.5519,"@SpotifyCares hello, i wanna ask. How bout the student who doesn't have any cc for payment? Can we still get that promo? https://t.co/uhTeTHgCkw",@151643 Hey there! Can you DM us your account's username or email address? We'll have a look backstage /AG https://t.co/ldFdZRiNAt,,,,PENDING_HUMAN_ANNOTATION
ret_eval_07_rank1,silver_007,@115888 It also tells me that my email is not associated with any account.,account_access_security,1,160577,account_access_security,0.6879,"@SpotifyCares  trying to sign into my account but seem to have 2 linked to 1 email address, when I reset my password it's for the wrong account. Any help appreciated","@152998 Hey Danny, we'd love to help! We've just replied to your DM. Let's continue chatting there /JP",,,,PENDING_HUMAN_ANNOTATION
ret_eval_07_rank2,silver_007,@115888 It also tells me that my email is not associated with any account.,account_access_security,2,189317,account_access_security,0.6488,"@SpotifyCares got an email to say my account email address was changed, but it wasn't me that changed it. Please help.",@160406 Hey there! Can you DM us your account's email address? We'll take a look backstage /RB https://t.co/ldFdZRiNAt,,,,PENDING_HUMAN_ANNOTATION
ret_eval_07_rank3,silver_007,@115888 It also tells me that my email is not associated with any account.,account_access_security,3,186175,account_access_security,0.6402,@SpotifyCares so I’ve just received an email saying my email has been changed and now I’m blocked Out my account?,"@159742 Hey there, help's here! We've just replied to your DM. Check it out. We'll continue helping there /RE",,,,PENDING_HUMAN_ANNOTATION
ret_eval_08_rank1,silver_008,@SpotifyCares you've got mail.,other_unsupported,1,53122,other_unsupported,0.4591,@SpotifyCares I've sent you a DM,@127970 We've just sent you a bit more info over DM. We'll carry on helping out there 🙂 /CG,,,,PENDING_HUMAN_ANNOTATION
ret_eval_08_rank2,silver_008,@SpotifyCares you've got mail.,other_unsupported,2,89512,account_access_security,0.431,@SpotifyCares I have an account question. Is there an email address I can write to? Thank you,"@135362 Hi Rosalind! You can get in touch with our Email team here: https://t.co/fSvGOEg6Tc. We can also help out via Twitter if you'd like. If you could DM us your account's email address, we'll check things backstage /CP https://t.co/ldFdZRiNAt",,,,PENDING_HUMAN_ANNOTATION
ret_eval_08_rank3,silver_008,@SpotifyCares you've got mail.,other_unsupported,3,131803,other_unsupported,0.3994,@SpotifyCares hello! I sent dm on your inbox... please check thanks!,@145718 Hi! We've just sent a DM your way. Let's carry on chatting there /DR,,,,PENDING_HUMAN_ANNOTATION
ret_eval_09_rank1,silver_009,@SpotifyCares any idea where my search keeps going? If I close and reopen it comes back. iOS 11.1 Spotify v8.4.25.906 https://t.co/wMXRSH7jZ8,app_crash_technical,1,118905,other_unsupported,0.6148,"@SpotifyCares iOS 11.2.2, Spotify 8.4.28.1104",@142363 Thanks for the info. Does logging out &gt; restarting your device &gt; logging back in help at all? We'll be on the lookout for your reply /MT,,,,PENDING_HUMAN_ANNOTATION
ret_eval_09_rank2,silver_009,@SpotifyCares any idea where my search keeps going? If I close and reopen it comes back. iOS 11.1 Spotify v8.4.25.906 https://t.co/wMXRSH7jZ8,app_crash_technical,2,48122,other_unsupported,0.6076,@SpotifyCares I've tried using 2 and for both cases search is kind of on-and-off. Usually off when I sleep my computer and go back to spotify,@126762 That's odd. Could you DM us your account's username or email address? We'll take a look backstage /GU https://t.co/ldFdZRiNAt,,,,PENDING_HUMAN_ANNOTATION
ret_eval_09_rank3,silver_009,@SpotifyCares any idea where my search keeps going? If I close and reopen it comes back. iOS 11.1 Spotify v8.4.25.906 https://t.co/wMXRSH7jZ8,app_crash_technical,3,174970,other_unsupported,0.5705,@SpotifyCares iOS 11.1.2 and Spotify 8.4.28.1104,"@157052 Thanks. Does logging out, restarting your device, and logging back in make a difference? /LO",,,,PENDING_HUMAN_ANNOTATION
ret_eval_10_rank1,silver_010,"Yo @115888, please add the album ""Guaranteed"" by Morris Day to your library!!",playlist_library,1,43461,playlist_library,0.5334,"@SpotifyCares Sure! It’s a concept album, so order is important. ☺️ Thanks! https://t.co/LRdM0G5fmo",@125642 Thanks. We'll get this reported. Great detective work! https://t.co/LpsmyUtme0 /PB,,,,PENDING_HUMAN_ANNOTATION
ret_eval_10_rank2,silver_010,"Yo @115888, please add the album ""Guaranteed"" by Morris Day to your library!!",playlist_library,2,93966,playlist_library,0.5143,"Yo @116130 @115888 !! I’ll make you a deal, if you get the #theworldistheirs album by #theIRS on Spotify I’ll sign up to premium for a year. Deal yeh? #supportUKHipHop",@136374 Hey there! Music availability all boils down to licensing agreements. We have more info here: https://t.co/2FJce6Rcpg. Let us know if we can help with anything else. We're just a tweet away /LM,,,,PENDING_HUMAN_ANNOTATION
ret_eval_10_rank3,silver_010,"Yo @115888, please add the album ""Guaranteed"" by Morris Day to your library!!",playlist_library,3,160579,other_unsupported,0.4714,@115888 I don't go on youtube very often and I'd love if you could add @3537' cover of the chain by Fleetwood Mac (@153000 live lounge) please?,"@152999 Hey there! Fingers crossed we'll be able to have it soon, but there's info about Spotify content here: https://t.co/0i8GpimuDa 🙂 /JI",,,,PENDING_HUMAN_ANNOTATION
ret_eval_11_rank1,silver_011,@115888 How to avail?,other_unsupported,1,2884,other_unsupported,0.9037,@115888 How to avail???,@148615 Hey! Could you DM us your account’s email address? We’ll check this out backstage /DR https://t.co/ldFdZRiNAt,,,,PENDING_HUMAN_ANNOTATION
ret_eval_11_rank2,silver_011,@115888 How to avail?,other_unsupported,2,2885,other_unsupported,0.6145,@115888 How to avail this???coz i tried it earlier but i cant avail it...,"@149493 Hey there! Are you getting any error messages when trying to redeem the offer? If so, a screenshot of it would be super handy. Just make sure to mask all private information. Also, can you DM us your account's username or email address? We'll take a look backstage /MS https://t.co/ldFdZRiNAt",,,,PENDING_HUMAN_ANNOTATION
ret_eval_11_rank3,silver_011,@115888 How to avail?,other_unsupported,3,25403,subscription_billing,0.4604,@115888 How to avail this if you dont have credit card?,@150023 Hey Anja! You can use PayPal for this offer if you don't have a Visa/Master credit/debit card. You can also use your mobile credits to get our 3-month promo for 129 PHP. Hope this helps /JP,,,,PENDING_HUMAN_ANNOTATION
ret_eval_12_rank1,silver_012,Nothing working Spotify you really need to take care of this,other_unsupported,1,189954,other_unsupported,0.7603,"@SpotifyCares Hey, been having some issues with Spotify for Artists. Could I get some assistance please? Cheers!","@160534 Hey! Don’t worry, we can help. What’s happening exactly? We'll get to the bottom of it 🔍 /CG",,,,PENDING_HUMAN_ANNOTATION
ret_eval_12_rank2,silver_012,Nothing working Spotify you really need to take care of this,other_unsupported,2,115229,other_unsupported,0.7567,@SpotifyCares the supscription via the internet and vodaphone said it’s something i have to solve with spotify as they can’t help me,@141621 Copy that. Could you DM us your account's email address or username? We'll take a look under the hood /WP https://t.co/ldFdZRiNAt,,,,PENDING_HUMAN_ANNOTATION
ret_eval_12_rank3,silver_012,Nothing working Spotify you really need to take care of this,other_unsupported,3,52337,other_unsupported,0.7338,@SpotifyCares spotify pls :(,@127772 Hey there! We can see how that’d be handy. Thanks for taking the time to reach out – your feedback's been noted 📝 /KL,,,,PENDING_HUMAN_ANNOTATION
ret_eval_13_rank1,silver_013,Anyone else having issues with @115888 not playing any sound right now?,playback_issues,1,5009,playback_issues,0.618,@116888 @SpotifyCares Same exact issue. Sound won’t play more than 50% although i have it on full,@116887 Hey! The cavalry's here. Could you confirm the iOS and Spotify version you're using? We'll see what we can suggest /KB,,,,PENDING_HUMAN_ANNOTATION
ret_eval_13_rank2,silver_013,Anyone else having issues with @115888 not playing any sound right now?,playback_issues,2,169688,playback_issues,0.6061,@117153 Cant play anything! Is it just me or..?,"@155519 Hey Jouni, that doesn’t sound fun. Could you shoot us a DM with your account's username and email address? We'll take a look backstage /VV",,,,PENDING_HUMAN_ANNOTATION
ret_eval_13_rank3,silver_013,Anyone else having issues with @115888 not playing any sound right now?,playback_issues,3,104111,device_connectivity,0.5811,@SpotifyCares Seems to be affected by my Bluetooth headphones. No issues if I play using my phone's speakers,"@138951 Thanks for letting us know. Do you notice this issue happening with other apps? Also, does restarting your phone help at all? /JT",,,,PENDING_HUMAN_ANNOTATION
ret_eval_14_rank1,silver_014,"Several updates later, and I still want the lyrics feature back @115888 :(",feature_request_ui,1,138287,feature_request_ui,0.5786,@115888 how can I disable behind the lyrics? I hate that feature. I've done this and doesn't works https://t.co/m2eMgAu9ex,"@147149 Hey! Can you let us know the device, operating system, and Spotify version you're running? We'll see what we can suggest /KM",,,,PENDING_HUMAN_ANNOTATION
ret_eval_14_rank2,silver_014,"Several updates later, and I still want the lyrics feature back @115888 :(",feature_request_ui,2,139105,feature_request_ui,0.569,@115888 i like the fact that y'all had a good lyrics feature and deleted it in favor of a lyrics feature that is only supported on mainstream music,@147348 We hear you! We're passing on all feedback around this – thanks for sharing your thoughts /DR,,,,PENDING_HUMAN_ANNOTATION
ret_eval_14_rank3,silver_014,"Several updates later, and I still want the lyrics feature back @115888 :(",feature_request_ui,3,73743,feature_request_ui,0.5652,"@SpotifyCares pls help me, I just purchased premium, but the Behind Lyrics doesn't appear when I play one of the songs. I thought its because the device I have, Android. Bcs I logged in into iPhone, the Behind Lyrics appear. Thanks.","@132495 Hey, sorry for the confusion! We're afraid Behind the Lyrics is only available for iPhone 5 or above at this time. If you need anything else, give us a shout /TR",,,,PENDING_HUMAN_ANNOTATION
ret_eval_15_rank1,silver_015,@115888 y’all should let us see the total amount of streams of an album on the mobile version,playlist_library,1,858,playlist_library,0.6037,@SpotifyCares 2/2... and there is no way to manage Albums (recently added e.g.) in the App. It's a mess 😲 https://t.co/RlWuqllt8S,"@115889 Got it. It's not possible at the moment, but we'll pass on the the suggestion. Could you try reinstalling the app? /PB",,,,PENDING_HUMAN_ANNOTATION
ret_eval_15_rank2,silver_015,@115888 y’all should let us see the total amount of streams of an album on the mobile version,playlist_library,2,91682,offline_downloads,0.6004,"@115888 I'm still not sure why the @115888 UI shows 4,000+ songs to download when it maxes out at 3,333.","@135882 Hey Monique!  Currently, you can only download 3,333 songs for offline use per device, on a maximum of 3 different devices. Hope this clears things up /AR",,,,PENDING_HUMAN_ANNOTATION
ret_eval_15_rank3,silver_015,@115888 y’all should let us see the total amount of streams of an album on the mobile version,playlist_library,3,50184,playlist_library,0.5382,@SpotifyCares I’m in the US and I don’t have a link to the album because it’s not streaming. :(,"@127243 We’d love to have all of his stuff available, but we have some info about content here: https://t.co/0i8GpimuDa /KL",,,,PENDING_HUMAN_ANNOTATION
ret_eval_16_rank1,silver_016,"@SpotifyCares Helloe I purchased but it came to 9.99, can I get it for 0.99 like the ad says so? merrying christmas https://t.co/u9dEoDZ9fV",subscription_billing,1,79408,subscription_billing,0.5818,@SpotifyCares Question: what's the actual price of the chirstmas/black Friday deal? Is it £9.99 or £0.99? Just slightly confused haha x https://t.co/d33FDSKh5P,@142345 Hey there! Can you DM us your account's username or email address? We'll check backstage /NG https://t.co/ldFdZRiNAt,,,,PENDING_HUMAN_ANNOTATION
ret_eval_16_rank2,silver_016,"@SpotifyCares Helloe I purchased but it came to 9.99, can I get it for 0.99 like the ad says so? merrying christmas https://t.co/u9dEoDZ9fV",subscription_billing,2,106341,subscription_billing,0.5463,@115888 I've been charged £9.99 for 3 months even though your ad said £0.99 for 3 months https://t.co/KSrO6S7gOP,"@139563 Hi Kirsty, the cavalry's here! Can you DM us your account's username and email address? We'd love to help out /JI https://t.co/ldFdZRiNAt",,,,PENDING_HUMAN_ANNOTATION
ret_eval_16_rank3,silver_016,"@SpotifyCares Helloe I purchased but it came to 9.99, can I get it for 0.99 like the ad says so? merrying christmas https://t.co/u9dEoDZ9fV",subscription_billing,3,149363,other_unsupported,0.468,How can i avail this kind of promo?  @115888 https://t.co/lS6J6mA2ie,@145410 The 3 months for 9 PHP offer is for Spotify accounts which haven't been on Premium yet. Hope this info helps /GK,,,,PENDING_HUMAN_ANNOTATION
ret_eval_17_rank1,silver_017,@115888 Whhhhaattt ? My library isn't unlimited ?? https://t.co/AgjVsgpfZi,playlist_library,1,58284,playlist_library,0.5784,@SpotifyCares Why's there a 10K limit on songs in My Library? Why not unlimited? I just switched to Spotify from another and feel duped.,"@129237 Hey Matt, sorry to hear you feel that way. We have more info about this here: https://t.co/59ABtm5Ftl /JP",,,,PENDING_HUMAN_ANNOTATION
ret_eval_17_rank2,silver_017,@115888 Whhhhaattt ? My library isn't unlimited ?? https://t.co/AgjVsgpfZi,playlist_library,2,44688,subscription_billing,0.5704,@115888 library limit (10k songs) is a pretty big failure of premium streaming services. Shows the limits of subscription vs buying. 😕,@125920 Hi Ryan! Thanks for the feedback. We'll be sure to pass it onto the right team. Let us know if there's anything else we can do to help /DV,,,,PENDING_HUMAN_ANNOTATION
ret_eval_17_rank3,silver_017,@115888 Whhhhaattt ? My library isn't unlimited ?? https://t.co/AgjVsgpfZi,playlist_library,3,55223,app_crash_technical,0.5408,@SpotifyCares hey I just tried to save a new album to my library and it says my library is full. Is this a bug?,"@128524 Hey! If you have 10,000 songs in Your Music, you won't be able to add more. Anything else, we're here for you 🙂 /ND",,,,PENDING_HUMAN_ANNOTATION
ret_eval_18_rank1,silver_018,@SpotifyCares I need help with my family account. My wife can't login with the email invite I sent.,account_access_security,1,158928,account_access_security,0.6386,@SpotifyCares hello I need help I am trying to log in to my account but I forgot my password and i cant remember the email address i used for the account what do I do??,@152534 Hi! We've replied to your DM. We'll carry on helping there 🙂 /BX,,,,PENDING_HUMAN_ANNOTATION
ret_eval_18_rank2,silver_018,@SpotifyCares I need help with my family account. My wife can't login with the email invite I sent.,account_access_security,2,123485,other_unsupported,0.6384,@115888 just signed up for Family but can not invite any of them?  Any help?,"@125450 Hey there! Can you DM us your account's email address, as well as the ones linked to your families accounts? We'll take a look /RB https://t.co/ldFdZRiNAt",,,,PENDING_HUMAN_ANNOTATION
ret_eval_18_rank3,silver_018,@SpotifyCares I need help with my family account. My wife can't login with the email invite I sent.,account_access_security,3,12647,account_access_security,0.6008,@SpotifyCares.  Set up family premium. put wrong address. canceled. now can't set up new account w my email address. U make me pay? Help!,"@118533 Hey Michael, help's here! Can you DM us your account's email address? We'll take a look backstage /KC https://t.co/ldFdZRiNAt",,,,PENDING_HUMAN_ANNOTATION
ret_eval_19_rank1,silver_019,"@SpotifyCares why dont you have Tool in your Music database, i need Tool in my life, you need tool in your life so lets get much Tool.",other_unsupported,1,113808,other_unsupported,0.5,"@SpotifyCares You *REALLY* need to finally, actually, DO something about the 10,000 song limit in users' libraries. Especially for a service that prides itself on helping discovery of new tracks.","@141278 Hey there, we hear you! We’d love to see your vote, and hear your feedback on this idea: https://t.co/8OOl8B2i69 /TB",,,,PENDING_HUMAN_ANNOTATION
ret_eval_19_rank2,silver_019,"@SpotifyCares why dont you have Tool in your Music database, i need Tool in my life, you need tool in your life so lets get much Tool.",other_unsupported,2,152212,other_unsupported,0.4557,C’mon @116130 this for real? Whatever happened to having your entire music collection online? 😕 https://t.co/thODgUlfok,"@150781 Hey Jude! How many tracks would you say you have in Songs (roughly)? e.g. 100, 1000, 5000, or more? /CO",,,,PENDING_HUMAN_ANNOTATION
ret_eval_19_rank3,silver_019,"@SpotifyCares why dont you have Tool in your Music database, i need Tool in my life, you need tool in your life so lets get much Tool.",other_unsupported,3,8693,other_unsupported,0.4344,"@115888 you guys trying to make it harder to load local music? ""BROWSE FOR MUSIC"" Show me the song I added instead. Don't BS users.",@117528 Hey there! Can you let us know what's happening exactly? We'd love to lend a hand /KC,,,,PENDING_HUMAN_ANNOTATION
ret_eval_20_rank1,silver_020,"@SpotifyCares I have had eactly the same issue on iphone ios 10.3, app 8.4 and ipad ios 9.3, app 8.4",other_unsupported,1,9380,other_unsupported,0.7429,@SpotifyCares Yes! It is a constant problem on the iOS 11 update. Like I said I’m not the only 1 encountering the problem.,@117673 Thanks. Can you try reinstalling the app? You can find the steps for your device at https://t.co/cxGHt0bCR8. Keep us posted /SJ,,,,PENDING_HUMAN_ANNOTATION
ret_eval_20_rank2,silver_020,"@SpotifyCares I have had eactly the same issue on iphone ios 10.3, app 8.4 and ipad ios 9.3, app 8.4",other_unsupported,2,142172,other_unsupported,0.6822,"@SpotifyCares im on iphone 7, and IOS11 and version 8.4.28","@148080 Thanks for that info. Does logging out, restarting your device, and logging back into Spotify help? Keep us posted /JI",,,,PENDING_HUMAN_ANNOTATION
ret_eval_20_rank3,silver_020,"@SpotifyCares I have had eactly the same issue on iphone ios 10.3, app 8.4 and ipad ios 9.3, app 8.4",other_unsupported,3,108057,other_unsupported,0.65,@SpotifyCares Issue persists on mobile… iPhone 7+ running iOS 11.1.2. https://t.co/Y60OdeFwXE,@139993 Gotcha. Can you send us a DM? We'd like to share some info with you in private /LM https://t.co/ldFdZRiNAt,,,,PENDING_HUMAN_ANNOTATION
ret_eval_21_rank1,silver_021,@115888 So can you use it just the same as pc ?,other_unsupported,1,23260,offline_downloads,0.3393,"@SpotifyCares hi,can i shuffle all download music in one touch?",@121069 Hey there! Can you fire over the device and operating system you're using? We'll see what we can suggest /PL,,,,PENDING_HUMAN_ANNOTATION
ret_eval_21_rank2,silver_021,@115888 So can you use it just the same as pc ?,other_unsupported,2,53130,other_unsupported,0.3368,"@SpotifyCares Seems to me u label music with a sexual preference, which is odd, and that music in turn with a user. Feels very inappropriate and not pc.","@124332 We're sorry you feel that way, and rest assured that's not the case. We've let the right folks know how you feel about this /Q",,,,PENDING_HUMAN_ANNOTATION
ret_eval_21_rank3,silver_021,@115888 So can you use it just the same as pc ?,other_unsupported,3,190057,other_unsupported,0.3287,"@SpotifyCares Yes, I tried that as well. Still not working.","@160564 Don't worry, we'll get to the bottom of this. Just to clarify, is it crashing at any specific points, e.g. at startup, during streaming? /RI",,,,PENDING_HUMAN_ANNOTATION
ret_eval_22_rank1,silver_022,@115888 You app continues to re-enable startup at login. Why are you forcing this? I mean this is still my mac right?,account_access_security,1,181684,playback_issues,0.7373,@115888 how can I stop your mac app from launching at startup? And why does it do so by default?,"@158686 Hey Joss! Just to check, have you disabled ""Open Spotify automatically adter you log into the computer"" through the desktop app's Settings? It's under ""Startup and Window Behaviour"" /RH",,,,PENDING_HUMAN_ANNOTATION
ret_eval_22_rank2,silver_022,@115888 You app continues to re-enable startup at login. Why are you forcing this? I mean this is still my mac right?,account_access_security,2,181682,other_unsupported,0.6737,"@SpotifyCares Ah, on by default and sneakily hidden under ""advanced settings"". I've switched it off. You should put it ""off"" by default, and make it enablable by the same Operating System level of configs which allows any mac app to be opened on startup.","@158686 We understand, and we appreciate the feedback! We'll pass it on to the relevant folks. Let us know if you ever need us again. We'd be... https://t.co/LgAM6ky9Vv /GS",,,,PENDING_HUMAN_ANNOTATION
ret_eval_22_rank3,silver_022,@115888 You app continues to re-enable startup at login. Why are you forcing this? I mean this is still my mac right?,account_access_security,3,2855,other_unsupported,0.5544,"@SpotifyCares I've been trying to select ""no"" for this option multiple times but every time after closing the settings, it goes right back to ""minimized."" I do not want this to boot up at startup. What gives? https://t.co/vX8vY4l0st",@116379 Hey Dylan! Can you let us know which versions of Spotify and Windows you're running? We'll see what we can suggest /RA,,,,PENDING_HUMAN_ANNOTATION
ret_eval_23_rank1,silver_023,"@SpotifyCares I installed the app and trying to signing up with Facebook and mail also but it's not working 😥
@115888",app_crash_technical,1,38328,account_access_security,0.7808,@SpotifyCares I cant sign in im new to your app and I have tried all my emails and it always says:An unknown error occurred try again later.,@124336 Hey Kosta! That doesn't sound good. Could you DM us your account's email address? We'll take a look backstage /AU,,,,PENDING_HUMAN_ANNOTATION
ret_eval_23_rank2,silver_023,"@SpotifyCares I installed the app and trying to signing up with Facebook and mail also but it's not working 😥
@115888",app_crash_technical,2,64386,device_connectivity,0.7271,@SpotifyCares hellow I need some help with this i cant connect with the facebook app https://t.co/gzAygdZrEV,"@130779 Hey, help's here! Can you DM us your account's email address? We'll take a look backstage /KM https://t.co/ldFdZRiNAt",,,,PENDING_HUMAN_ANNOTATION
ret_eval_23_rank3,silver_023,"@SpotifyCares I installed the app and trying to signing up with Facebook and mail also but it's not working 😥
@115888",app_crash_technical,3,172444,other_unsupported,0.664,"@SpotifyCares Nope, doesn’t work 😔 I’m able to log on with my Facebook, but after that it just gives the same error.",@156297 Hmm. Could you send us your account's username or email address via DM? We'll take a look under the hood /LP https://t.co/ldFdZRiNAt,,,,PENDING_HUMAN_ANNOTATION
ret_eval_24_rank1,silver_024,@115888 A mi me lo cobraron dos veces,other_unsupported,1,156972,other_unsupported,0.3876,"Estoy en un plan familiar y soy el único que se le acabo el premium, que debo hacer? @SpotifyCares",@152054 ¡Hola! Hemos respondido a tu MD. Revisa tu bandeja de entrada /JF,,,,PENDING_HUMAN_ANNOTATION
ret_eval_24_rank2,silver_024,@115888 A mi me lo cobraron dos veces,other_unsupported,2,44346,other_unsupported,0.3802,@115888 badtrip di naman gumagana!!!!,@142356 Hi Yvonne! We hope you don't mind if we answer in English. What's happening exactly? We're here to help /GK,,,,PENDING_HUMAN_ANNOTATION
ret_eval_24_rank3,silver_024,@115888 A mi me lo cobraron dos veces,other_unsupported,3,2814,other_unsupported,0.3665,@115888 Paano po?,@148280 Hi there! Can you let us know your account's email address via DM? We'll see what we can suggest /NY https://t.co/ldFdZRiNAt,,,,PENDING_HUMAN_ANNOTATION
ret_eval_25_rank1,silver_025,@SpotifyCares Hi there! Those songs are not found on Spotify 😭😢,other_unsupported,1,160539,other_unsupported,0.6633,I need twice's songs on spotify more than anything they're nowhere to be found except lq youtube and expensive itunes lol,"@152976 Hey there! We’d love to have everything available, but we have some info about content here: https://t.co/0i8GpimuDa 🙂 /NG",,,,PENDING_HUMAN_ANNOTATION
ret_eval_25_rank2,silver_025,@SpotifyCares Hi there! Those songs are not found on Spotify 😭😢,other_unsupported,2,29034,other_unsupported,0.6381,I WILL AS SOON AS MY SPOTIFY IS FIXED BUT NO ANSWER ]: https://t.co/w4as3XSf7T,@122389 Hey! We've sent a DM your way. Check it out 🙂 /L,,,,PENDING_HUMAN_ANNOTATION
ret_eval_25_rank3,silver_025,@SpotifyCares Hi there! Those songs are not found on Spotify 😭😢,other_unsupported,3,93866,offline_downloads,0.6233,"@SpotifyCares Both songs and albums. The only downloaded material are the three Spotify playlists: New Music Friday, Discover Weekly, and Release Radar.",@136356 Thanks for letting us know. Check out the steps under “Downloads unexpectedly removed” at https://t.co/EidIERWgLX. They should help with this /XF,,,,PENDING_HUMAN_ANNOTATION
ret_eval_26_rank1,silver_026,@SpotifyCares Can you help me,other_unsupported,1,95800,other_unsupported,0.9532,@SpotifyCares could you help me,"@136857 Hey Tommy! We just sent you a reply to your DM, we'll continue assisting you there /TF",,,,PENDING_HUMAN_ANNOTATION
ret_eval_26_rank2,silver_026,@SpotifyCares Can you help me,other_unsupported,2,79444,other_unsupported,0.581,@115888 I need help!,@133629 @115888 Hey! We've just sent a DM your way. Let's carry on chatting there /PK,,,,PENDING_HUMAN_ANNOTATION
ret_eval_26_rank3,silver_026,@SpotifyCares Can you help me,other_unsupported,3,130875,other_unsupported,0.4678,@139985 @SpotifyCares help?,@145543 Hey Christian! We'll help out. Can you let us know what's happening exactly? We'll see what we can suggest /AN,,,,PENDING_HUMAN_ANNOTATION
ret_eval_27_rank1,silver_027,@151631 @115888 @SpotifyCares if I get Family Premium now and I go to college in jan. How do I change my subscription? Would rather talk with a human,subscription_billing,1,171143,other_unsupported,0.6485,"Am I able to upgrade my accout from student to family premium?
Cant find anything on your website about it.  @SpotifyCares",@155927 Hey there! Can you DM us your account's email address or username? We'll take a look backstage /TJ https://t.co/ldFdZRiNAt,,,,PENDING_HUMAN_ANNOTATION
ret_eval_27_rank2,silver_027,@151631 @115888 @SpotifyCares if I get Family Premium now and I go to college in jan. How do I change my subscription? Would rather talk with a human,subscription_billing,2,83649,other_unsupported,0.6469,"hi @SpotifyCares, if im a premium account holder and want to subscribe a premium for family account, do i have to terminate my earlier account? or i can just subscribe for the premium for family?","@134378 Hey, help's here! Can you DM us your account's username or email address? We'll take a look under the hood /RS https://t.co/ldFdZRiNAt",,,,PENDING_HUMAN_ANNOTATION
ret_eval_27_rank3,silver_027,@151631 @115888 @SpotifyCares if I get Family Premium now and I go to college in jan. How do I change my subscription? Would rather talk with a human,subscription_billing,3,53711,other_unsupported,0.6409,@SpotifyCares Hey! I was kicked out of my family plan. How can I go back to Premium with that same plan?,@128145 Hey Paula! Can you DM us your account's username and email address? We'll take a look backstage /JX https://t.co/ldFdZRiNAt,,,,PENDING_HUMAN_ANNOTATION
ret_eval_28_rank1,silver_028,@SpotifyCares can i change my billing cycle? Or does it always have to be every first of the month?,subscription_billing,1,187527,subscription_billing,0.592,@116130 Hiya! Is there any way of changing the date my money comes out of PayPal for my subscription?,@160015 Hey Micky! Can you fire over your account's email address or username via DM? We'll take a look backstage /AY https://t.co/ldFdZRiNAt,,,,PENDING_HUMAN_ANNOTATION
ret_eval_28_rank2,silver_028,@SpotifyCares can i change my billing cycle? Or does it always have to be every first of the month?,subscription_billing,2,113841,subscription_billing,0.5661,"@SpotifyCares okay, thanks. How do I cancel my subscription? Is this possible each month, or is it per year?",@141285 No problem. Canceling the subscription can be done anytime. Can you also let us know your account's username or email address? We'll see what we can suggest /DN,,,,PENDING_HUMAN_ANNOTATION
ret_eval_28_rank3,silver_028,@SpotifyCares can i change my billing cycle? Or does it always have to be every first of the month?,subscription_billing,3,166650,other_unsupported,0.4972,"@115888 So, I started the 3 months premium. When do I have I cancel if I want to? I mean, is it okay to cancel 2 days before the 3 months runs out? Or do I have to give you a month's notice, meaning 1 month before the 3 months runs out?","@154712 Hey, help's arrived! You can cancel your subscription anytime by heading to https://t.co/j3mV2PlkwS. Or, you can reach out to us again and we can revert your subscription to Free. Let us know if you need anything 🙂 /JQ",,,,PENDING_HUMAN_ANNOTATION
ret_eval_29_rank1,silver_029,"@SpotifyCares Galaxy S7 Edge
Android 7.0
Spotify 8.4.25.771",other_unsupported,1,110106,other_unsupported,0.8585,"@SpotifyCares Hi I'm on a Samsung S7 Edge, Android 7.0 and Spotify version 8.4.28.875 armV7. Thanks",@140446 Thanks for that info. Can we have you check out the steps under “Downloads unexpectedly removed” at https://t.co/38J7tFlIBF. They should help with this. Let us know how it goes /JI,,,,PENDING_HUMAN_ANNOTATION
ret_eval_29_rank2,silver_029,"@SpotifyCares Galaxy S7 Edge
Android 7.0
Spotify 8.4.25.771",other_unsupported,2,89457,other_unsupported,0.8521,"@SpotifyCares Samsung Galaxy S7 (SM-G930T), Android version 7.0, Spotify version: 8.49.289 armV7",@135360 Got it. Can you check if logging out &gt; restarting your phone &gt; logging back in to your account makes a difference? /DV,,,,PENDING_HUMAN_ANNOTATION
ret_eval_29_rank3,silver_029,"@SpotifyCares Galaxy S7 Edge
Android 7.0
Spotify 8.4.25.771",other_unsupported,3,172519,other_unsupported,0.7905,@SpotifyCares I'm using Spotify v8.4.28.875 armv7 on my stock Android 7.1 phone.,"@156320 Got it! Just to check, have you followed all the steps at https://t.co/WDXVuJV0dh? /RA",,,,PENDING_HUMAN_ANNOTATION
ret_eval_30_rank1,silver_030,"@SpotifyCares I received an email about changing my password, but Spotify doesn't recognize my username or email address. Please help me resolve this!",account_access_security,1,143017,account_access_security,0.8813,"@SpotifyCares
My email address has changed since the last time I accessed spotify and I need to reset my password.
I know my username and so I'm stuck",@148293 Hi Jim! Help's here. Can you DM us your account's username? We'll check things backstage /MU https://t.co/ldFdZRiNAt,,,,PENDING_HUMAN_ANNOTATION
ret_eval_30_rank2,silver_030,"@SpotifyCares I received an email about changing my password, but Spotify doesn't recognize my username or email address. Please help me resolve this!",account_access_security,2,39773,account_access_security,0.8427,"@SpotifyCares Spotify think I get wrong password, so I try to reset my password with myusername: linalthf, but I forgot what e-mail I used. Can u help me?",@124711 Got it! We'd like to share some info with you in private. Could you send us a DM instead? We'll look out for your reply /GU https://t.co/ldFdZRiNAt,,,,PENDING_HUMAN_ANNOTATION
ret_eval_30_rank3,silver_030,"@SpotifyCares I received an email about changing my password, but Spotify doesn't recognize my username or email address. Please help me resolve this!",account_access_security,3,20087,account_access_security,0.7591,I've 4gotten my email address I used&amp;the password 4my spotify account..Only have the username..How do I delete my account @SpotifyCares,"@120417 Hey there, help's here! Can you DM us your account's username? We'll see what we can suggest /MO https://t.co/ldFdZRiNAt",,,,PENDING_HUMAN_ANNOTATION
ret_eval_31_rank1,silver_031,"@SpotifyCares Hi I am having problems, please see my DM. Thank you!",other_unsupported,1,118881,other_unsupported,0.6687,@SpotifyCares Hello DM me I have a problem with my account,@142358 Hey Mikey! What's happening exactly? Can you DM us your account's username or email address? We'll take a look backstage /AP https://t.co/ldFdZRiNAt,,,,PENDING_HUMAN_ANNOTATION
ret_eval_31_rank2,silver_031,"@SpotifyCares Hi I am having problems, please see my DM. Thank you!",other_unsupported,2,21370,other_unsupported,0.6577,@SpotifyCares Hi please see my DM :),@120677 Hey Jan! We've just sent you a bit more info over DM. We'll carry on helping out there /CP,,,,PENDING_HUMAN_ANNOTATION
ret_eval_31_rank3,silver_031,"@SpotifyCares Hi I am having problems, please see my DM. Thank you!",other_unsupported,3,131802,other_unsupported,0.6526,@SpotifyCares Hello i havent received your DM,@145718 Sorry to hear that. We've sent another DM your way 🙂 /DR,,,,PENDING_HUMAN_ANNOTATION
ret_eval_32_rank1,silver_032,"@SpotifyCares Hi Spotify! We have a Premium Spotify account for the magazine, and tried to connect it to the magazine's Facebook account, but instead it tied to a personal FB account and displays a personal username now. Can you help? Takk!",device_connectivity,1,171125,account_access_security,0.7271,"@115888 I try to login with facebook and get ""You do not have a Spotify account connected to your Facebook account. If you have a Spotify account, please log in with your Spotify credentials. If you do not have a Spotify account, sign up."" So how can I login?",@155921 Hey! We've just sent a DM your way. Let's carry on chatting there /TJ,,,,PENDING_HUMAN_ANNOTATION
ret_eval_32_rank2,silver_032,"@SpotifyCares Hi Spotify! We have a Premium Spotify account for the magazine, and tried to connect it to the magazine's Facebook account, but instead it tied to a personal FB account and displays a personal username now. Can you help? Takk!",device_connectivity,2,156976,device_connectivity,0.7082,"@SpotifyCares Hi, I have an issue - i use spotify via Facebook and accidentaly made another account, where I purchased premium. Now I`m trying to connect my FB account to the one where I paid for premium, but it reports me some kind of error. Can u help me solve this?","@152056 Hey Jerry, we'd be happy to help! Could you DM us the email address and username for both accounts? We'll check this out backstage /BX https://t.co/ldFdZRiNAt",,,,PENDING_HUMAN_ANNOTATION
ret_eval_32_rank3,silver_032,"@SpotifyCares Hi Spotify! We have a Premium Spotify account for the magazine, and tried to connect it to the magazine's Facebook account, but instead it tied to a personal FB account and displays a personal username now. Can you help? Takk!",device_connectivity,3,97674,other_unsupported,0.7025,"@SpotifyCares Yes, I'm still having this issue, I can't log in with my spotify account but I can log in with my Facebook account.",@137386 Sorry to hear you're still having troubles. Does restarting your device help at all? Keep us posted /VV https://t.co/ldFdZRiNAt,,,,PENDING_HUMAN_ANNOTATION
ret_eval_33_rank1,silver_033,It's Doing while connected to wifi :( https://t.co/45iXZ7Wris,device_connectivity,1,46662,other_unsupported,0.5975,@SpotifyCares Can you tell me why this is happening? https://t.co/1uMBrzBFzc,@126372 Hey! This is our surprise for you when playing songs from the different Stranger Things playlists we created with Netflix /JP,,,,PENDING_HUMAN_ANNOTATION
ret_eval_33_rank2,silver_033,It's Doing while connected to wifi :( https://t.co/45iXZ7Wris,device_connectivity,2,38940,device_connectivity,0.5372,"@SpotifyCares 
No save connection - something is wrong with https://t.co/NBpfL1voJ0... https://t.co/uzXVej5NCL",@124501 Hi there. Can you let us know what device you're using? Does using a different browser or incognito make a difference? /LM,,,,PENDING_HUMAN_ANNOTATION
ret_eval_33_rank3,silver_033,It's Doing while connected to wifi :( https://t.co/45iXZ7Wris,device_connectivity,3,174967,app_crash_technical,0.507,@AppleSupport Still does it after reinstall. @SpotifyCares any help on this?,@157052 Hi there! Can you let us know what operating system and Spotify versions you're using? We'll take a look backstage /XF,,,,PENDING_HUMAN_ANNOTATION
ret_eval_34_rank1,silver_034,@SpotifyCares what is a phone number I can reach you guys I need you to refund me my money you guys are charging me even though I’m part of a family plan,subscription_billing,1,128193,subscription_billing,0.5678,@SpotifyCares y’all charging me for an account I don’t have I want a refund now,@144800 Hey there! Can you DM us a screenshot of your bank statement showing the Spotify charge? Just make sure it doesn't show your private payment info /RB https://t.co/ldFdZRiNAt,,,,PENDING_HUMAN_ANNOTATION
ret_eval_34_rank2,silver_034,@SpotifyCares what is a phone number I can reach you guys I need you to refund me my money you guys are charging me even though I’m part of a family plan,subscription_billing,2,128193,subscription_billing,0.5678,@SpotifyCares y’all charging me for an account I don’t have I want a refund now,@144800 Thanks. You should receive an email from them shortly /AP,,,,PENDING_HUMAN_ANNOTATION
ret_eval_34_rank3,silver_034,@SpotifyCares what is a phone number I can reach you guys I need you to refund me my money you guys are charging me even though I’m part of a family plan,subscription_billing,3,174616,playback_issues,0.5174,Hey @SpotifyCares I CANCELLED AND YOU STILL TOOK MONEY CAN YOU PLEASE GIVE ME A WORKING CUSTOMER SERVICE # SO WE CAN STOP THIS SHIT BEFORE IT POSTS,@156947 Hey there! Could you DM us your account's username and email address? We'll take a look backstage /DF https://t.co/ldFdZRiNAt,,,,PENDING_HUMAN_ANNOTATION
ret_eval_35_rank1,silver_035,WHEN THE FUCK ARE WE GETTING THE FEELS COVER .@2602 .@115888,other_unsupported,1,136264,playlist_library,0.347,@SpotifyCares When will @7443 new album No Shame be up on Spotify in the EU? Been waiting over 4 hours for it,@146708 Hey! We've just sent you a bit more info over DM. We'll carry on helping out there /NY,,,,PENDING_HUMAN_ANNOTATION
ret_eval_35_rank2,silver_035,WHEN THE FUCK ARE WE GETTING THE FEELS COVER .@2602 .@115888,other_unsupported,2,93964,other_unsupported,0.3391,Fuck It by @5515 needs to be on @115888,"@136373 Hey! We’d love to have all of his stuff available, but we have some info about content here: https://t.co/1dgftcFtzc /KM",,,,PENDING_HUMAN_ANNOTATION
ret_eval_35_rank3,silver_035,WHEN THE FUCK ARE WE GETTING THE FEELS COVER .@2602 .@115888,other_unsupported,3,61167,service_status_outage,0.3206,@SpotifyCares In the middle of down with the sickness.,@130006 Thanks! Does it happen when you use the web player in an incognito or a private browsing window? /SY,,,,PENDING_HUMAN_ANNOTATION
ret_eval_36_rank1,silver_036,@SpotifyCares Seems to have done the trick. Thanks for the quick replies.,feature_request_ui,1,189335,other_unsupported,0.6963,"@SpotifyCares That didnt work either, I am still having the issue.",@160410 Thanks for trying it out for us. Can you DM us your account's username or email address? We'll have a look backstage /AG,,,,PENDING_HUMAN_ANNOTATION
ret_eval_36_rank2,silver_036,@SpotifyCares Seems to have done the trick. Thanks for the quick replies.,feature_request_ui,2,169722,other_unsupported,0.6885,@SpotifyCares Thanks. That seems to have done it.,"@155528 Awesome! We're glad that did the trick. If you ever need help with anything else, you know where to find us /QI",,,,PENDING_HUMAN_ANNOTATION
ret_eval_36_rank3,silver_036,@SpotifyCares Seems to have done the trick. Thanks for the quick replies.,feature_request_ui,3,48083,other_unsupported,0.6748,"@SpotifyCares I'm sorry, I tried that last time to no avail. Can you instead first verify for me that this is indeed a feature that is supposed to work ?","@126752 We understand, but could you let us know when exactly you reinstalled the app? Also, what Spotify version are you currently running? /LM",,,,PENDING_HUMAN_ANNOTATION
ret_eval_37_rank1,silver_037,@SpotifyCares do you have Collison Course album Child friendly in your library I.e No bad language?,playlist_library,1,43461,playlist_library,0.4534,"@SpotifyCares Sure! It’s a concept album, so order is important. ☺️ Thanks! https://t.co/LRdM0G5fmo",@125642 Thanks. We'll get this reported. Great detective work! https://t.co/LpsmyUtme0 /PB,,,,PENDING_HUMAN_ANNOTATION
ret_eval_37_rank2,silver_037,@SpotifyCares do you have Collison Course album Child friendly in your library I.e No bad language?,playlist_library,2,39737,playlist_library,0.439,Hey @116130 is there any chance of you adding more fabriclive albums?,@124702 We’ll have them all available to you as soon as it’s available to us! https://t.co/0i8GpimuDa /BE,,,,PENDING_HUMAN_ANNOTATION
ret_eval_37_rank3,silver_037,@SpotifyCares do you have Collison Course album Child friendly in your library I.e No bad language?,playlist_library,3,193239,other_unsupported,0.4361,@115888 can we please get more Thomas Bangalter and Guy-Manuel music?,"@161420 Hey there! We’d love to have all of their stuff available, but we have some info about content here: https://t.co/0i8GpimuDa /PB",,,,PENDING_HUMAN_ANNOTATION
ret_eval_38_rank1,silver_038,@SpotifyCares I am the owner of a family Spotify account.  There are four of us who live in the same house. Only two can activate....,other_unsupported,1,168144,subscription_billing,0.6855,@SpotifyCares I somehow have 2 Spotify accounts on the same email address and 1 is a family subscription and the other is free. I cannot get to my paid subscription. Can someone help?,"@155115 Hey Jeff, we'll help out! Can you DM us your the email address on both accounts? We'll have look and see what we can suggest /AG https://t.co/ldFdZRiNAt",,,,PENDING_HUMAN_ANNOTATION
ret_eval_38_rank2,silver_038,@SpotifyCares I am the owner of a family Spotify account.  There are four of us who live in the same house. Only two can activate....,other_unsupported,2,79394,account_access_security,0.6853,"@spotifycares I missed the email telling me I need to confirm my home address for spotify family, and now it won't let me join up again.","@133622 Hey there, we've come to the rescue! Could you DM us your account's username or email address? We'll check behind the scenes /RE https://t.co/ldFdZRiNAt",,,,PENDING_HUMAN_ANNOTATION
ret_eval_38_rank3,silver_038,@SpotifyCares I am the owner of a family Spotify account.  There are four of us who live in the same house. Only two can activate....,other_unsupported,3,160537,other_unsupported,0.6783,@SpotifyCares when I try to add my son to my Spotify family account it says whoops something went wrong. I only want to add 4 other people to my account. I have successfully added three,"@152983 Hi Dawn, help's arrived! Can you shoot us a DM with your account's username and email address? We'll take a look backstage for you 🔍 /AV https://t.co/ldFdZRiNAt",,,,PENDING_HUMAN_ANNOTATION
ret_eval_39_rank1,silver_039,"@115888 can you stop spamming me with ""would you like to open Waze?"" Fuck.",playback_issues,1,172474,offline_downloads,0.5385,"@SpotifyCares Why do I, as a paying premium member, have to deal with the Waze banner ad every time I open the app?? I will never download their app. Ever.","@156305 Hey Matt, that doesn't sound right. Can you let us know the device, operating system, and Spotify version you're using? We'll see what we can suggest /JE",,,,PENDING_HUMAN_ANNOTATION
ret_eval_39_rank2,silver_039,"@115888 can you stop spamming me with ""would you like to open Waze?"" Fuck.",playback_issues,2,108051,other_unsupported,0.3276,@115888 Waarom niet? 😥 https://t.co/ev8RNAGLRG,@139992 Hey! Can you DM us your account's email address? We'll take a look backstage /SJ https://t.co/ldFdZRiNAt,,,,PENDING_HUMAN_ANNOTATION
ret_eval_39_rank3,silver_039,"@115888 can you stop spamming me with ""would you like to open Waze?"" Fuck.",playback_issues,3,176522,other_unsupported,0.3068,wish @115888 let you ban songs like last.fm did,@157531 Hey! We can see how that’d be useful. You can vote for the official idea here: https://t.co/llJeAWnvFA /MX,,,,PENDING_HUMAN_ANNOTATION
ret_eval_40_rank1,silver_040,@SpotifyCares is your 9 pesos promo for 3 months isn't available for debit cards?,subscription_billing,1,163729,app_crash_technical,0.6747,"@115888 I was quite excited when I got the advertisement that they are offering 9 pesos for the first 3 months, but whatever type of payment method I chose, it would charge me 129. Is this a false advertisement or legit? Thoughts?",@153879 Hey! Could you DM us your account’s email address? We’ll check this out backstage /BX https://t.co/ldFdZRiNAt,,,,PENDING_HUMAN_ANNOTATION
ret_eval_40_rank2,silver_040,@SpotifyCares is your 9 pesos promo for 3 months isn't available for debit cards?,subscription_billing,2,118874,subscription_billing,0.6552,@SpotifyCares may I just also ask if the 9 peso premium thing is only applicable to card?,@142356 We've just sent a DM your way. Let's carry on chatting there 🙂 /AU,,,,PENDING_HUMAN_ANNOTATION
ret_eval_40_rank3,silver_040,@SpotifyCares is your 9 pesos promo for 3 months isn't available for debit cards?,subscription_billing,3,118879,subscription_billing,0.6353,@SpotifyCares why was I charged 129 pesos in my prepaid mobile account instead of just 9pesos for 3months Premium Trial?,@142357 Hey Eran! We're here to help. Can you DM us your account's email address? We'll take a look under the hood /AN https://t.co/ldFdZRiNAt,,,,PENDING_HUMAN_ANNOTATION
ret_eval_41_rank1,silver_041,"@SpotifyCares Hi! When will you fix ""4 - Oops something went wrong, please try again."" problem in managing family accounts?",other_unsupported,1,73727,subscription_billing,0.5808,"@SpotifyCares trying to add a family member to my subscription, but after logging in &amp; entering correct address details, I get the ""oops try again"" error. Tried multiple invites &amp; browsers","@132492 Hey, help's here. Can you send us your accounts' email addresses or usernames via DM? We'll take a look behind the scenes /AY https://t.co/ldFdZRiNAt",,,,PENDING_HUMAN_ANNOTATION
ret_eval_41_rank2,silver_041,"@SpotifyCares Hi! When will you fix ""4 - Oops something went wrong, please try again."" problem in managing family accounts?",other_unsupported,2,14406,playback_issues,0.5714,"@SpotifyCares 
My family premium account has stopped working, even though we have payed this month, it was working last week",@119078 Hey Jacob! Could you send us a DM with your account's email address? We'll take a look backstage /FR,,,,PENDING_HUMAN_ANNOTATION
ret_eval_41_rank3,silver_041,"@SpotifyCares Hi! When will you fix ""4 - Oops something went wrong, please try again."" problem in managing family accounts?",other_unsupported,3,53677,other_unsupported,0.5499,@115888 who is best to talk to about account issues?,@128139 Hey! Can you DM us your account's email address along with more info? We'll see what we can suggest /CB https://t.co/ldFdZRiNAt,,,,PENDING_HUMAN_ANNOTATION
ret_eval_42_rank1,silver_042,@115888 is your app available to download on an Apple Watch?,offline_downloads,1,73747,other_unsupported,0.7932,@115888 App pro Apple Watch?,@132497 Hey Mira! Check out the official idea and add your vote to let our devs know it's something you'd like to see: https://t.co/BysL5LFq6X /KM,,,,PENDING_HUMAN_ANNOTATION
ret_eval_42_rank2,silver_042,@115888 is your app available to download on an Apple Watch?,offline_downloads,2,42727,offline_downloads,0.6566,@115888 can you download music to #Apple watch?,@125450 2:  know it's something you'd like to see: https://t.co/SEK4E4gi22 /BM,,,,PENDING_HUMAN_ANNOTATION
ret_eval_42_rank3,silver_042,@115888 is your app available to download on an Apple Watch?,offline_downloads,3,147416,app_crash_technical,0.5257,Do I know anyone with some intel on when/if Snowy (https://t.co/gAzj3fipNI) or @115888 themselves will release some sort of Apple Watch-integration? Been quiet for quite some time…,@149506 Hey Erik! Check out the official idea and add your vote to let our devs know it's something you'd like to see: https://t.co/SEK4E4gi22 /KM,,,,PENDING_HUMAN_ANNOTATION
ret_eval_43_rank1,silver_043,Why the hell does @115888 care in which country I am? This is dumb every time I travel I need to change or upgrade?,other_unsupported,1,23256,app_crash_technical,0.4765,"I'm quite fed up with this response @115888 ""the language of the emails we send is based on your account's country"". You've had YEARS.","@121067 Sorry you feel that way. We can’t make any promises, but your feedback has been noted and passed onto the team /MA",,,,PENDING_HUMAN_ANNOTATION
ret_eval_43_rank2,silver_043,Why the hell does @115888 care in which country I am? This is dumb every time I travel I need to change or upgrade?,other_unsupported,2,86417,subscription_billing,0.4433,"@SpotifyCares Hi, how do I change my country and payment method to that of my new country? I’ve tried and failed and now I am left Spotify-less.",@134872 Hey Sarah. Can you send us a DM with your account's email address or username? We'll take a look backstage /AY https://t.co/ldFdZRiNAt,,,,PENDING_HUMAN_ANNOTATION
ret_eval_43_rank3,silver_043,Why the hell does @115888 care in which country I am? This is dumb every time I travel I need to change or upgrade?,other_unsupported,3,116643,subscription_billing,0.4011,"@spotifycares I'm in italy for a few months and my premium account was working fine until today when i got a message saying the country on my account was different from the one i was in, ill be home in a few weeks and my billing info is for the us. can you give me my account back","@141980 Hi Alicia, help's here! Could you DM us your account's email address or username? We'll take a look under the hood /WP https://t.co/ldFdZRiNAt",,,,PENDING_HUMAN_ANNOTATION
ret_eval_44_rank1,silver_044,@SpotifyCares I want to make my spotify account into a artist account but on the third step it said to find the artist you want access to and im not on there. Can you help me plz @SpotifyCares,other_unsupported,1,120276,other_unsupported,0.7356,@SpotifyCares also i can't get access to spotify for artists. I did it a month ago and still no reply.,"@142703 Thanks for the info! To help make it happen, we’d recommend showing your support for the idea here: https://t.co/CdI1SXS9B4. Also, our friends in Artist Support are the right folks to help with this. You can get in touch with them here: https://t.co/p1wbtdWmz2 /PB",,,,PENDING_HUMAN_ANNOTATION
ret_eval_44_rank2,silver_044,@SpotifyCares I want to make my spotify account into a artist account but on the third step it said to find the artist you want access to and im not on there. Can you help me plz @SpotifyCares,other_unsupported,2,189397,other_unsupported,0.6914,@SpotifyCares how can i be on spotify,@160419 Hi! We've just sent you a bit more info over DM. We'll carry on helping out there /AR,,,,PENDING_HUMAN_ANNOTATION
ret_eval_44_rank3,silver_044,@SpotifyCares I want to make my spotify account into a artist account but on the third step it said to find the artist you want access to and im not on there. Can you help me plz @SpotifyCares,other_unsupported,3,189954,other_unsupported,0.6852,"@SpotifyCares Hey, been having some issues with Spotify for Artists. Could I get some assistance please? Cheers!","@160534 Hey! Don’t worry, we can help. What’s happening exactly? We'll get to the bottom of it 🔍 /CG",,,,PENDING_HUMAN_ANNOTATION
ret_eval_45_rank1,silver_045,@SpotifyCares Is there a way to filter artists who've been accused of violence against woman from all playlists on my account?,playlist_library,1,123472,other_unsupported,0.7622,"Hey @115888, can I block certain artists?  I don't want to listen to artists who are continuously violent to women.","@143585 Hey Heather! We're afraid this isn't possible at the moment. To help make this happen, you can show your support by voting for the idea here: https://t.co/llJeAWnvFA /LO",,,,PENDING_HUMAN_ANNOTATION
ret_eval_45_rank2,silver_045,@SpotifyCares Is there a way to filter artists who've been accused of violence against woman from all playlists on my account?,playlist_library,2,160517,playlist_library,0.4792,Hey @115888 how do I block a song from your Christmas playlists? https://t.co/XZJhdfwjn1,"@152979 Hey Justin, help's here! This isn’t possible right now, but we have more info about this on our Community. Check it out: https://t.co/oGDLtirXki. Stay awesome 😁 /TI",,,,PENDING_HUMAN_ANNOTATION
ret_eval_45_rank3,silver_045,@SpotifyCares Is there a way to filter artists who've been accused of violence against woman from all playlists on my account?,playlist_library,3,122102,playlist_library,0.4788,@SpotifyCares I’m talking like recently played for specific songs not just played playlist or artist of or from the song.,@143217 Hi there! We actually have a pretty nifty way of finding those tunes that have slipped our minds. Check out this infographic for a quick rundown. Stay awesome 🤘 /AV https://t.co/xyq8Ht5lQF,,,,PENDING_HUMAN_ANNOTATION
ret_eval_46_rank1,silver_046,@SpotifyCares Are we going to have Year in Music this 2017?,other_unsupported,1,93885,playlist_library,0.5446,@115888 when am i getting my most listened to 2017 playlist?,"@142351 Hi there! We don't have any info on this right now, but we'll let the right team know it's something you'd like to see /AU",,,,PENDING_HUMAN_ANNOTATION
ret_eval_46_rank2,silver_046,@SpotifyCares Are we going to have Year in Music this 2017?,other_unsupported,2,79398,playlist_library,0.4613,all I want for christmas is seeing the new @4739 album on @115888,@133624 Hey there! We’ll have it available to you as soon as it’s available to us. https://t.co/1dgftcFtzc /GK,,,,PENDING_HUMAN_ANNOTATION
ret_eval_46_rank3,silver_046,@SpotifyCares Are we going to have Year in Music this 2017?,other_unsupported,3,190154,other_unsupported,0.461,How is it almost 2018 and @115888 doesn’t have an easy way to share songs with other users. https://t.co/aTw9QmQ9KS,@160591 Hey Steven! Are you having issues with sharing tracks? Let us know - we'll lend a hand /SY,,,,PENDING_HUMAN_ANNOTATION
ret_eval_47_rank1,silver_047,@115888 Is the 1 month free trial offer still available?,other_unsupported,1,142181,other_unsupported,0.8209,"@115888 Sorry,I am in the 1 month free trial period. Is there anyway I can benefit from this offer?",@148083 Hey there! We've responded to your DM. Let's continue our conversation there 🙂 /DN,,,,PENDING_HUMAN_ANNOTATION
ret_eval_47_rank2,silver_047,@115888 Is the 1 month free trial offer still available?,other_unsupported,2,67669,other_unsupported,0.5818,Help me fam. I already paid for premium acct. For @115888 but its still in free trial?,"@131452 Hey, help's here! Can you DM us your account's email address? We'll check backstage /GK https://t.co/ldFdZRiNAt",,,,PENDING_HUMAN_ANNOTATION
ret_eval_47_rank3,silver_047,@115888 Is the 1 month free trial offer still available?,other_unsupported,3,169700,subscription_billing,0.5788,"@115888 Can i get the 3 months for $0.99 if i have already had premium before?, i had previously bought it","@155523 Hey! Right now, this offer's for new subscribers only. We can take a look at your account to be sure. Just send us a DM with your account's email address or username 🙂 /TJ https://t.co/ldFdZRiNAt",,,,PENDING_HUMAN_ANNOTATION
ret_eval_48_rank1,silver_048,@SpotifyCares Here you go. Thank you so much for the speedy reply. You guys rock! https://t.co/MbkND3Wviy,other_unsupported,1,38957,other_unsupported,0.4981,"@SpotifyCares Here it is 
https://t.co/waO48RizBo",@124506 Thanks! Can you DM us your account's username or email address? We'll take a closer look /PL https://t.co/ldFdZRiNAt,,,,PENDING_HUMAN_ANNOTATION
ret_eval_48_rank2,silver_048,@SpotifyCares Here you go. Thank you so much for the speedy reply. You guys rock! https://t.co/MbkND3Wviy,other_unsupported,2,112000,other_unsupported,0.4903,@SpotifyCares Thank u again 😍 https://t.co/5Nh0hXwjKz,@140875 We're glad to hear that! If you ever need anything else be sure to give us a... https://t.co/AUc7DGJpgF 🙂 /JX,,,,PENDING_HUMAN_ANNOTATION
ret_eval_48_rank3,silver_048,@SpotifyCares Here you go. Thank you so much for the speedy reply. You guys rock! https://t.co/MbkND3Wviy,other_unsupported,3,158934,other_unsupported,0.475,Appreciate it. https://t.co/7BxCc61d9G,"@151371 No worries! If you ever need anything else, just shout and we'll come running 🏃 /DF",,,,PENDING_HUMAN_ANNOTATION
ret_eval_49_rank1,silver_049,@SpotifyCares my wife invited me to family premium. Where do I input the invite code to accept the invitation?,other_unsupported,1,66000,other_unsupported,0.6605,"@117153 Hi, I am trying to join Premium for Family, received an invitation code from my husband, but I keep getting error code 600 after filling out all my information.",@131100 Hey Suzanne! Could you DM us your account's username or email address? We'll check backstage /RE https://t.co/ldFdZRiNAt,,,,PENDING_HUMAN_ANNOTATION
ret_eval_49_rank2,silver_049,@SpotifyCares my wife invited me to family premium. Where do I input the invite code to accept the invitation?,other_unsupported,2,166682,other_unsupported,0.6261,"@117153 invited my wife for spotify family. she received mail with code, but if she puts in the received premium-code, she gets the message it is not valid...! Please say something. we tried it for like 10 times allready!",@154724 Hi Frank! Could you send us a DM with the email addresses for your accounts? We'll do our best to help out /NJ https://t.co/ldFdZRiNAt,,,,PENDING_HUMAN_ANNOTATION
ret_eval_49_rank3,silver_049,@SpotifyCares my wife invited me to family premium. Where do I input the invite code to accept the invitation?,other_unsupported,3,193223,subscription_billing,0.6256,"@SpotifyCares I cannot accept invitation to a Family Premium subscription, (was revoked due to incosistent Postal No. (i made those numb))",@161413 Hey James! Can you DM us your account's email address? We'll take a look backstage /SJ https://t.co/ldFdZRiNAt,,,,PENDING_HUMAN_ANNOTATION
ret_eval_50_rank1,silver_050,@117153 yo,other_unsupported,1,45302,other_unsupported,0.5803,@117153,@126013 Hi there! That's not cool. Could you send us a DM with your account's email address? We'll take a look backstage /QI https://t.co/ldFdZRiNAt,,,,PENDING_HUMAN_ANNOTATION
ret_eval_50_rank2,silver_050,@117153 yo,other_unsupported,2,58935,other_unsupported,0.5803,@115888 @SpotifyCares,@129423 Hey Jack! You can let us know here. What's happening exactly? Can you tell us more info about it? /JE,,,,PENDING_HUMAN_ANNOTATION
ret_eval_50_rank3,silver_050,@117153 yo,other_unsupported,3,165036,other_unsupported,0.5803,@SpotifyCares,@153876 When looking backstage we were able to confirm that the charge was refunded. We'd suggest contacting PayPal for any info on the status of the refund /TF,,,,PENDING_HUMAN_ANNOTATION
